PRAGMA foreign_keys=OFF;
BEGIN TRANSACTION;
CREATE TABLE IF NOT EXISTS "_prisma_migrations" (
    "id"                    TEXT PRIMARY KEY NOT NULL,
    "checksum"              TEXT NOT NULL,
    "finished_at"           DATETIME,
    "migration_name"        TEXT NOT NULL,
    "logs"                  TEXT,
    "rolled_back_at"        DATETIME,
    "started_at"            DATETIME NOT NULL DEFAULT current_timestamp,
    "applied_steps_count"   INTEGER UNSIGNED NOT NULL DEFAULT 0
);
INSERT INTO _prisma_migrations VALUES('aa692abb-cefc-4575-b25d-4f8762bf8c72','9ce2de3436a40d7fb6115f29c4ae01192e6e46efbd90549b997591b3196680b3',1737546150659,'20250122114230_init',NULL,NULL,1737546150542,1);
INSERT INTO _prisma_migrations VALUES('ead43620-7e0c-4234-be74-ad581dd8d5dd','14d791849f1bf18c8c499144ad5969289bfb309fe734874f47b9b151b19e7264',1737553403821,'20250122134323_add_affiliate',NULL,NULL,1737553403575,1);
INSERT INTO _prisma_migrations VALUES('d8077884-7c3c-483e-94bc-0e903177d724','0618d559d4b49f1783cefc223ce0015c5b7b05fd87275fc6867612b7345bdad6',1737575489055,'20250122195128_add_tables',NULL,NULL,1737575488344,1);
INSERT INTO _prisma_migrations VALUES('4a9b071d-c28a-417b-89c2-46a61d170547','e818f79138ecf76a8090c9482ce3f3d4b537d2f4142192060ee85da8d26a95cf',1737885855572,'20250126100415_add_unique',NULL,NULL,1737885855470,1);
INSERT INTO _prisma_migrations VALUES('cebd2d82-b29d-483f-a7fe-2b1d3d1c8280','7836fb7852e1cf9423a47638fc6fb5749841ca60c6307a778898111b01e0170b',1738095805946,'20250128202325_add_labels',NULL,NULL,1738095805601,1);
INSERT INTO _prisma_migrations VALUES('062b469b-e0bf-4ecd-a95b-2dbc0831d925','fe0acdeccf1e8d6a49306c1f9d397d87c8029863b5c411a04342bf7884477cb9',1738239799860,'20250130122319_add_transactions',NULL,NULL,1738239799772,1);
INSERT INTO _prisma_migrations VALUES('624432e1-3c84-44ae-8fd3-7d2022c0b976','ca817586d39e2925d13c1f4b3070fd56b9eadefebcbf1d395796eff3bf6a2e0e',1738239942561,'20250130122542_update_transactions',NULL,NULL,1738239942346,1);
INSERT INTO _prisma_migrations VALUES('656a5eec-94ab-4fa6-a7c4-5b3606d7d085','0b678f4591efc7b63fb33370ea4141242d99e57cfbe84e6cc9ae4575b79031aa',1738240184282,'20250130122944_add',NULL,NULL,1738240184072,1);
INSERT INTO _prisma_migrations VALUES('1eb7de01-a19b-4407-92cc-948a271786b3','a6cf280fa71a7316df198360bdd78bb2c644b8b8c6633904dc04f7de017395eb',1738392341375,'20250201064540_add_credit_table',NULL,NULL,1738392340975,1);
INSERT INTO _prisma_migrations VALUES('feda6cda-492c-454b-8a45-d1f172d4af05','036234a687cecadc8c3af2cf2b8c48ffd013a2b6728748ecfc44b631b745e8ed',1738415661822,'20250201131421_add_credit_transactions',NULL,NULL,1738415661714,1);
INSERT INTO _prisma_migrations VALUES('543c6c24-feeb-44b6-8c24-247af38ea2e9','056cdd8c044a87af1756131661fca87877cda98eda96bf0c25256e0fd7dd28ae',1738416048849,'20250201132048_add_paymentref',NULL,NULL,1738416048676,1);
INSERT INTO _prisma_migrations VALUES('39a60fb4-64aa-4396-9621-f218c112b4c0','37d89b09c687f4ae799ed04627e1c885018ea47ab0e43601763e9bae56ef4e91',1738612631623,'20250203195711_add_logo',NULL,NULL,1738612631500,1);
INSERT INTO _prisma_migrations VALUES('6199614c-9d30-4009-8a89-808ae4a5f928','826e6ac2975a7c2092a958988e2a8fe4bd75561495a042b5d85a375f3bc8bac9',1738831049663,'20250206083729_add_address',NULL,NULL,1738831049567,1);
INSERT INTO _prisma_migrations VALUES('8142cffc-4af5-46b0-99e0-eafb8c097339','0502b6823794a9e78d62dfb651d2647537faee8b7c90089dea1fc0005fd746f6',1739187019395,'20250210113019_add_usernote',NULL,NULL,1739187019319,1);
INSERT INTO _prisma_migrations VALUES('512092aa-8366-428c-96b3-2c12aa7db47f','c450add4493ee6523c5b42bb47e0c03a4520a1d09e92c55ee82944a461c57854',1739188284467,'20250210115124_update_usernotes',NULL,NULL,1739188284300,1);
INSERT INTO _prisma_migrations VALUES('cb3bc635-7e28-4b6c-bad6-34ecbb372e4a','e21df8d311666fb1dfd83b7c5c6fbe22b9c8157b0a5568143a84a6ca5d73caa4',1739260880824,'20250211080120_add_message',NULL,NULL,1739260880703,1);
INSERT INTO _prisma_migrations VALUES('b3a77535-271c-4cb5-be38-14489300135f','18b82076b1bb4c977a3be0f67b4122879e06138310e65ac32b812bad5c58cab9',1739273490808,'20250211113130_add_affiliateid',NULL,NULL,1739273490625,1);
INSERT INTO _prisma_migrations VALUES('f1413b67-e962-4b0c-9674-fae4a8c40afa','3b32100715c5d2e2822b73d09c8848fb07477affbc57721dfa87538719b682f7',1739291871674,'20250211163751_add_usergroup',NULL,NULL,1739291871482,1);
INSERT INTO _prisma_migrations VALUES('560c7d54-567f-4bcb-b5da-139ae6b1ea35','5602e9f5954c25f86792c854f372b54f08947bbdb8dac53af65dca2ce425e0bf',1739298608984,'20250211183008_add_type',NULL,NULL,1739298608784,1);
INSERT INTO _prisma_migrations VALUES('50b175f9-3af5-437f-8be6-5248dfc7b90f','819986fb623e02cfbbd544480f22876afef73eb4737327a25a639a86b9bdc9db',1739446336902,'20250213113216_add_contract_tables',NULL,NULL,1739446336785,1);
INSERT INTO _prisma_migrations VALUES('662916cf-52f4-41c3-94dc-13c04032f409','95f262325ee699e3bcc2f1695df80946c3fd09528d9442b01211ad153f7fe3d1',1739453505396,'20250213133145_add_contract_tables',NULL,NULL,1739453505080,1);
INSERT INTO _prisma_migrations VALUES('a43d69ab-ba49-4c86-8ccc-70fc153b4f9a','ae8ebede004a8d121e3e1bc7f92996d5b184994c6f8d132072d1b69646a65442',1739456129542,'20250213141529_add_contract_tables',NULL,NULL,1739456129445,1);
INSERT INTO _prisma_migrations VALUES('e960d679-fcdd-421c-bbbb-4e9b52b3a13d','763517516d13810f598511b508323847f47058c4378d7c214610994def9bcbf5',1739467415606,'20250213172335_add_contract_tables',NULL,NULL,1739467415432,1);
INSERT INTO _prisma_migrations VALUES('0062164c-0e1f-4876-9d44-e444249c953c','620201fb9fc01903e9fdf04f0e6b82bc51c2ac1aab13a29f99ce12817fd1cf0f',1739467775854,'20250213172935_remove_affiliate_id',NULL,NULL,1739467775681,1);
CREATE TABLE IF NOT EXISTS "Training" (
    "id" INTEGER NOT NULL PRIMARY KEY AUTOINCREMENT,
    "type" TEXT NOT NULL,
    "wodName" TEXT,
    "wodType" TEXT,
    "date" DATETIME,
    "score" TEXT,
    "userId" INTEGER NOT NULL,
    CONSTRAINT "Training_userId_fkey" FOREIGN KEY ("userId") REFERENCES "User" ("id") ON DELETE RESTRICT ON UPDATE CASCADE
);
INSERT INTO Training VALUES(1,'Weightlifting',NULL,NULL,1737504000000,NULL,1);
INSERT INTO Training VALUES(2,'WOD','sa','For Time',1736985600000,'22s',1);
INSERT INTO Training VALUES(3,'WOD','AMANDA','For Time',1737590400000,'2',1);
INSERT INTO Training VALUES(4,'WOD','AMANDA222','For Time',1706313600000,'12',5);
INSERT INTO Training VALUES(5,'Weightlifting',NULL,NULL,1738022400000,NULL,5);
INSERT INTO Training VALUES(6,'Cardio',NULL,NULL,1738108800000,NULL,5);
INSERT INTO Training VALUES(7,'Other',NULL,NULL,1738195200000,NULL,5);
INSERT INTO Training VALUES(8,'WOD','AMANDA','For Time',1738195200000,'2',1);
INSERT INTO Training VALUES(9,'WOD','ASD','EMOM',1738713600000,'ASD',5);
CREATE TABLE IF NOT EXISTS "Exercise" (
    "id" INTEGER NOT NULL PRIMARY KEY AUTOINCREMENT,
    "exerciseData" TEXT NOT NULL,
    "trainingId" INTEGER NOT NULL,
    CONSTRAINT "Exercise_trainingId_fkey" FOREIGN KEY ("trainingId") REFERENCES "Training" ("id") ON DELETE RESTRICT ON UPDATE CASCADE
);
INSERT INTO Exercise VALUES(2,'sa',1);
INSERT INTO Exercise VALUES(5,'jump',3);
INSERT INTO Exercise VALUES(6,'sas',2);
INSERT INTO Exercise VALUES(8,'jump',4);
INSERT INTO Exercise VALUES(10,'122',5);
INSERT INTO Exercise VALUES(12,'asdasd',6);
INSERT INTO Exercise VALUES(14,'asdfasdf',7);
INSERT INTO Exercise VALUES(15,'jump',8);
INSERT INTO Exercise VALUES(16,'ASD',9);
CREATE TABLE IF NOT EXISTS "Record" (
    "id" INTEGER NOT NULL PRIMARY KEY AUTOINCREMENT,
    "type" TEXT,
    "name" TEXT,
    "date" DATETIME,
    "score" TEXT,
    "weight" REAL,
    "time" TEXT,
    "userId" INTEGER NOT NULL,
    CONSTRAINT "Record_userId_fkey" FOREIGN KEY ("userId") REFERENCES "User" ("id") ON DELETE RESTRICT ON UPDATE CASCADE
);
INSERT INTO Record VALUES(1,'WOD','Helen',1736985600000,'5',NULL,NULL,1);
INSERT INTO Record VALUES(2,'WOD','sa',1736985600000,'22s',NULL,NULL,1);
INSERT INTO Record VALUES(4,'WOD','test',1738540800000,'12',NULL,NULL,5);
INSERT INTO Record VALUES(5,'Weightlifting','test',1737936000000,NULL,22.0,NULL,5);
INSERT INTO Record VALUES(6,'Cardio','aaa',1737936000000,NULL,NULL,'22:22',5);
CREATE TABLE IF NOT EXISTS "defaultWOD" (
    "id" INTEGER NOT NULL PRIMARY KEY AUTOINCREMENT,
    "name" TEXT NOT NULL,
    "type" TEXT NOT NULL,
    "description" TEXT NOT NULL
);
INSERT INTO defaultWOD VALUES(1,'AMANDA','For time','jump');
INSERT INTO defaultWOD VALUES(2,'ASDASD','asdasd','asdasd');
INSERT INTO defaultWOD VALUES(3,'ASDASD2','asdasd2','asdasd2');
INSERT INTO defaultWOD VALUES(4,'HELEN','For Time','aasd');
INSERT INTO defaultWOD VALUES(5,'AMANDA2','For Time',replace('200-foot dumbbell overhead lunge\n50 dumbbell box step-ups\n50 strict handstand push-ups\n200-foot handstand walk\n\n♀ 35-lb dumbbell and a 20-inch box\n♂ 50-lb dumbbell and a 24-inch box','\n',char(10)));
CREATE TABLE IF NOT EXISTS "Plan" (
    "id" INTEGER NOT NULL PRIMARY KEY AUTOINCREMENT,
    "name" TEXT NOT NULL,
    "validityDays" INTEGER NOT NULL,
    "price" REAL NOT NULL,
    "additionalData" TEXT,
    "sessions" INTEGER NOT NULL,
    "ownerId" INTEGER NOT NULL,
    CONSTRAINT "Plan_ownerId_fkey" FOREIGN KEY ("ownerId") REFERENCES "User" ("id") ON DELETE RESTRICT ON UPDATE CASCADE
);
INSERT INTO "Plan" VALUES(3,'Unlimited',22,22.0,'2',22,2);
INSERT INTO "Plan" VALUES(4,'10 monts',33,33.0,'',33,2);
INSERT INTO "Plan" VALUES(6,'UNLIMITED FOR A YEAR',365,100.0,NULL,365,6);
INSERT INTO "Plan" VALUES(7,'10 sessions',30,30.0,'ok',10,6);
CREATE TABLE IF NOT EXISTS "UserPlan" (
    "id" INTEGER NOT NULL PRIMARY KEY AUTOINCREMENT,
    "userId" INTEGER NOT NULL,
    "affiliateId" INTEGER NOT NULL,
    "planId" INTEGER NOT NULL,
    "planName" TEXT NOT NULL,
    "validityDays" INTEGER NOT NULL,
    "price" REAL NOT NULL,
    "purchasedAt" DATETIME NOT NULL DEFAULT CURRENT_TIMESTAMP,
    "endDate" DATETIME NOT NULL,
    "sessionsLeft" INTEGER NOT NULL,
    CONSTRAINT "UserPlan_userId_fkey" FOREIGN KEY ("userId") REFERENCES "User" ("id") ON DELETE RESTRICT ON UPDATE CASCADE
);
INSERT INTO UserPlan VALUES(11,5,10,6,'UNLIMITED FOR A YEAR',365,100.0,1738608274273,1770144274273,362);
INSERT INTO UserPlan VALUES(12,5,10,7,'10 sessions',30,30.0,1738829890552,1741421890552,10);
INSERT INTO UserPlan VALUES(13,1,10,6,'UNLIMITED FOR A YEAR',365,100.0,1739176520345,1770712520345,364);
CREATE TABLE IF NOT EXISTS "AffiliateTrainer" (
    "id" INTEGER NOT NULL PRIMARY KEY AUTOINCREMENT,
    "affiliateId" INTEGER NOT NULL,
    "trainerId" INTEGER NOT NULL,
    CONSTRAINT "AffiliateTrainer_affiliateId_fkey" FOREIGN KEY ("affiliateId") REFERENCES "Affiliate" ("id") ON DELETE RESTRICT ON UPDATE CASCADE,
    CONSTRAINT "AffiliateTrainer_trainerId_fkey" FOREIGN KEY ("trainerId") REFERENCES "User" ("id") ON DELETE RESTRICT ON UPDATE CASCADE
);
INSERT INTO AffiliateTrainer VALUES(8,1,1);
INSERT INTO AffiliateTrainer VALUES(10,10,1);
CREATE TABLE IF NOT EXISTS "ClassAttendee" (
    "id" INTEGER NOT NULL PRIMARY KEY AUTOINCREMENT,
    "classId" INTEGER NOT NULL,
    "userId" INTEGER NOT NULL,
    "userPlanId" INTEGER NOT NULL,
    "createdAt" DATETIME NOT NULL DEFAULT CURRENT_TIMESTAMP,
    "checkIn" BOOLEAN NOT NULL DEFAULT false,
    CONSTRAINT "ClassAttendee_classId_fkey" FOREIGN KEY ("classId") REFERENCES "ClassSchedule" ("id") ON DELETE RESTRICT ON UPDATE CASCADE,
    CONSTRAINT "ClassAttendee_userId_fkey" FOREIGN KEY ("userId") REFERENCES "User" ("id") ON DELETE RESTRICT ON UPDATE CASCADE
);
INSERT INTO ClassAttendee VALUES(25,284,5,11,1738833083500,1);
INSERT INTO ClassAttendee VALUES(26,179,1,13,1739176529458,1);
INSERT INTO ClassAttendee VALUES(27,1345,5,11,1739183241314,1);
INSERT INTO ClassAttendee VALUES(28,1610,5,11,1739436518742,0);
CREATE TABLE IF NOT EXISTS "ClassLeaderboard" (
    "id" INTEGER NOT NULL PRIMARY KEY AUTOINCREMENT,
    "classId" INTEGER NOT NULL,
    "userId" INTEGER NOT NULL,
    "scoreType" TEXT NOT NULL,
    "score" TEXT NOT NULL,
    "createdAt" DATETIME NOT NULL DEFAULT CURRENT_TIMESTAMP,
    CONSTRAINT "ClassLeaderboard_classId_fkey" FOREIGN KEY ("classId") REFERENCES "ClassSchedule" ("id") ON DELETE RESTRICT ON UPDATE CASCADE,
    CONSTRAINT "ClassLeaderboard_userId_fkey" FOREIGN KEY ("userId") REFERENCES "User" ("id") ON DELETE RESTRICT ON UPDATE CASCADE
);
INSERT INTO ClassLeaderboard VALUES(1,1,1,'rx','12','2025-01-26 08:12:45');
INSERT INTO ClassLeaderboard VALUES(2,174,5,'sc','12',1738184863502);
INSERT INTO ClassLeaderboard VALUES(3,173,5,'rx','22',1738185409451);
INSERT INTO ClassLeaderboard VALUES(4,284,5,'rx','12',1738833087653);
INSERT INTO ClassLeaderboard VALUES(5,179,5,'rx','12',1739182609419);
INSERT INTO ClassLeaderboard VALUES(6,1345,5,'rx','2',1739182734395);
CREATE TABLE IF NOT EXISTS "todayWOD" (
    "id" INTEGER NOT NULL PRIMARY KEY AUTOINCREMENT,
    "wodName" TEXT,
    "type" TEXT NOT NULL,
    "description" TEXT NOT NULL,
    "date" DATETIME NOT NULL,
    "affiliateId" INTEGER NOT NULL,
    CONSTRAINT "todayWOD_affiliateId_fkey" FOREIGN KEY ("affiliateId") REFERENCES "Affiliate" ("id") ON DELETE RESTRICT ON UPDATE CASCADE
);
INSERT INTO todayWOD VALUES(4,'AMANDA','For time','jump',1737842400000,1);
INSERT INTO todayWOD VALUES(5,'AMANDA','For time','jump',1738015200000,1);
INSERT INTO todayWOD VALUES(6,'AMANDA2','For Time',replace('200-foot dumbbell overhead lunge\n50 dumbbell box step-ups\n50 strict handstand push-ups\n200-foot handstand walk\n\n♀ 35-lb dumbbell and a 20-inch box\n♂ 50-lb dumbbell and a 24-inch box','\n',char(10)),1738022400000,10);
INSERT INTO todayWOD VALUES(7,'AMANDA2','For Time',replace('200-foot dumbbell overhead lunge\n50 dumbbell box step-ups\n50 strict handstand push-ups\n200-foot handstand walk\n\n♀ 35-lb dumbbell and a 20-inch box\n♂ 50-lb dumbbell and a 24-inch box','\n',char(10)),1738108800000,10);
INSERT INTO todayWOD VALUES(8,'HELEN','For Time','aasd',1738627200000,10);
INSERT INTO todayWOD VALUES(9,'','For Time',replace('15-12-9-6-3 reps of:\nDeadlifts (70/100 kg)\n5-4-3-2-1 reps of:\nRope climbs (4.6/4.6 m)','\n',char(10)),1738540800000,10);
INSERT INTO todayWOD VALUES(10,'','For Time',replace('5 rounds for time:\n750-m row\n30 sit-ups\n15 handstand push-ups','\n',char(10)),1738800000000,10);
INSERT INTO todayWOD VALUES(11,'','EMOM',replace('Every 2:00 for 10 rounds for load:\n10 box jumps (51/61 cm)\n3 hang squat cleans\n– Step down from the box.\nScore: Load','\n',char(10)),1739404800000,10);
CREATE TABLE IF NOT EXISTS "Affiliate" (
    "id" INTEGER NOT NULL PRIMARY KEY AUTOINCREMENT,
    "name" TEXT NOT NULL,
    "address" TEXT NOT NULL,
    "trainingType" TEXT NOT NULL,
    "email" TEXT,
    "phone" TEXT,
    "iban" TEXT,
    "bankName" TEXT,
    "ownerId" INTEGER NOT NULL, "logo" TEXT,
    CONSTRAINT "Affiliate_ownerId_fkey" FOREIGN KEY ("ownerId") REFERENCES "User" ("id") ON DELETE RESTRICT ON UPDATE CASCADE
);
INSERT INTO Affiliate VALUES(1,'cft2','asd','asd','asd@asd.ee','324234',NULL,NULL,2,NULL);
INSERT INTO Affiliate VALUES(10,'Crossfit Tartu','Aardla, Tartu','Crossfit','test@gmail.com','+372 5123456','EE22001124462066',NULL,6,'data:image/png;base64,iVBORw0KGgoAAAANSUhEUgAAAMgAAADICAYAAACtWK6eAAAACXBIWXMAAAsTAAALEwEAmpwYAAAUzUlEQVR4nO2dC/RdVXHGh6SASUgjVglCwCAVRSiCFZAIaKoIotYiUquFWiiUUrWK4AOFUhBbYFkUa6FUxba8xAeQCorY+kBEVIQoREkRqYoWeUWIIAXDuIb17azJ5pxz7z2POzvxm7V+K/eee+6588/e3zn7MXu2qKoQQrSScAcI0YIJd4AQLZhwBwjRggl3gBAtmHAHCNGCCXeAEC2YcAcI0YIJd4AQLZhwBwjRggl3gBAtmHAHCNGCCXeAEC2YcAcI0YIJd4AQLZhwBwjRggl3gBAtmHAHCNGCCXeAEC2YcAcI0YIJd4AQLZhwBwjRggl3gBAtmHAHCNGCCXeAEC2YcAcI0YIJd4AQLZhwBwjRggl3gBAtmHAHCNGCCXeAEC2YcAcI0YIJd4AQLZhwBwjRggl3gBAtmHAHCNGCCXeAEC2YcAcI0YIJd4AQLZhwBwjRggl3gBAtmHAHCNGCCXeAEC2YcAcI0YIJd4AQLZhwBwjRggl3gBAtmHAHCNGCCXeAEC2YcAcI0YIJd4AQLZhwBwjRggl3gBAtmHAHCNGCCXeAEC2Y34w/sgx7gojsKSKvEpGzRORLIjITn90qIubo3nj/Gbz/goicKyLniMgLpCDTAsqVAll7BfJUETlMRJ7ljr0Eld6zGT77f7w/AO/PrDj3xIrf+V0R2U9EZsiUTQsoVwpk7RTIX2QV+2Ac38wds0qdbI6I3J+da/Y8HLsXT5Z5Fb/1EZzzAxE5GwKbJVMwLaBcKZC1TyALnAg+iX+t+ZTsHhxb5I7NFpEVOH6EO743jn274fd2E5FPZII8VaZgWkC5UiBlC+RvROQ+EfmuiOyEYzu5irq1iBwlIie479yAz24XkaUi8jgc/wmOv8Wd+0Ycu3yEH0fhvEtF5HgR2QfH56H/8moZwLSAcqVAyhXIu7K79grXtPmya/ZslX3vi9n3rA9hdgveH+vOfTeOndHgx3oi8mOc99fZZ8e53/k36dm0gHKlQMoUyPoicicqnjVxjsGTZEt8vrmI3OQq57Ui8sSs823NIm/LcNw/bc7BMXsq1Nnvu9/ZwR3fMROiPY16NS2gXCmQMgTyFNydt3PHrkLF+xhGrOxOnps1t27Def+HY3+C95/Nzv0Wjr/HHfsCjr2pwbfjcc5XsuM3ZgJ5mvvMRPh1EdlAOpgWUK4USLxADs0qms1hVN2h7Snxl+579vleeP1fOMfez8dr63N4uxrH3+uO/RDHDmnw75s45x/dsb/DsfRU+h/32UIRecCJdo+W/y8SXaYUSLxArH9gX75bRL6K1w+gCZWGbT8kIjc7oVyCzy7DexPYp/H6ZZivyOdAzE4RkZ+JyEF4v6GIfF5EVmH+pMq2dNeypp5vcl2NeZN8/uRSHPsxmoX2+uVt/nO0gHKlQGIFYnMKCgH8jmsGXZyd93gR2R53ZPt8VxHZPXvCXOPOf66IbNLD5N4xuPb33bFv4Jg9Wa7D65fis8OdPwtdH+f9bX5cCyhXCiRWIJu4u+ybMCueKpj1Jcw+jPfbQTi+SbS/iJyPijmE2W9ehBE178svReShrO+zMZ5Giqfes93fkppZLxSRPx33x7WAcqVApisQaw6tRPPEnhiCfoW/6x7phnXNTsueFNZ0mSsxdhyag7ti7sT3TVJsl/GwiDyC1ye773+5Zri40qLLlAKZrkD+Nqvo11e0229A3yD1R/4Jn5+MO/XpaG6VYF+DjzsjyDH9Xda8uwKv35Z9Z2d3XtPQ8qMWXaYUyPQEktriK9F3uCprm2+GZku6ux6B1xfK5DYDI1nPQIXcEzPf1hx7jYgcKCKvFZFXItTEPn8Ozp9fM5xc9zv74Bq3w99jEFGcRPDk7DupiaYVI2qPsegypUCmJxD/9Njf9TXuRLNLEK6hGT7gsM62xbzDaZgcTLPebbBm0U9FZAn6HSaoTUf8/gYQ8tV4+qWBBnvaeVuC46swkmZPmXc2XTi6TCmQ6QlEEAOV2ufXug6t4s4qaJI8jEr6uoZrPQ6V6yaMMFn7/44OwhjFpyDWtLYkt5lZuP1tiCBOdrq7Vj4pORed99+iQNZhKuxlmKl+hzt2qqsodrd/pptUy0ND6uwU14c5HCEeHxSR/x1QIInbs8nKKqHYSNuba+K1/r7iO5fU9Umiy5QCGU4gh2UV6zvuszOyUauFNbFOuW2fTdrNrVn0NA1uQHhMlfk+zHvcd0zY3ha6mXxFM5QCWVfJ7qI2FKpuos1CMrx9PBv12XZESMYiNzkn6BtoAaTZ9bpmYOq82yCFt8VuGHgV1rg8B32y1TFd0WVKgQwjkK1dBdoF8x0p5MMm//4smxO4UprtWW5xlB8RKwEbedtmhLDPw4Itcf2sfKh7P3dsdTh+dJlSIMMIRNwkmmKxkWDdRjpmS2YFTaR8PUduNjS8HK8vKkAUOempNkn/yfj3imP/4k+OLlMKZDiB+GFNxUTgRq6TvsKt9Btn5Gur7M5bGuPMjFsoyq9w/l9lUcgqIm/IvxBdphTIsAKRrFJ/TkT+qCYUvc7s3JMqQt+buBeDAp9HTNQJWLp7COYf/hhzLq9DxT4Od+7LsTb95y0Ekp5wo+xOF92bgh5X1vVlosuUAhleIILZ5rxCHT1GZUod8xe7UJQmvoSKN+5MeJO9BNebRCQWBj/Kjq4Q1iZ1J0eXKQUyHYGkqNirkX3k9WNW0lMQTv7WERXzLpfQoW/7vQkmIMcKQETz6juYu1m/6cToMqVAhhXI5g1zBePYlVi22vT0+Hm2KGoIe6oLbW/CRqva2GwReTuakWtYdJlSIMMK5OIJ4qmaomUfbKiUaYRsaDtyzCZeG3s7vm9zQ2tYdJlSIMMJxA/pWpRsG/veGJXSpx0d0vxCrjrsadfGnuKuscaQd3SZUiDDCcTC2EflmxplPq1PFQ+NEWnbl813uX3rsFGptvbPVUtzo8uUAhlGIDNc+s8ufZBrRlTIlTW5dIewefi9Jn8sMqCt7YBr3OHX0UeXKQUyjEBsNCfNe3QxP9FYRxcBTmI+oLKOlG2lrX0lW4sfXqYUyDACWdKxc14VCVvHtPbzeJGbhKzzxSY0u9h+eWBjdJlSIP0LZFNXYazd3sX2H0MgNlM+DbsCC7N8qH6OLeHtYvPdtR7tW0WXKQXSv0Be41bgdbXtxhDIvS4n71D2dPzWkSOearb4q6t9Ctey/8fwMqVA+heIJSHoK5HzetmCojo+OsE1Z6HDPckGOClDySwXop9jqxn7sDf4VELRZUqB9C8Qy1GrXfLRZva+MQRSJ8jtkRJ0CdZd3IrRtfsRTbwcAY3nIdeuhZXkdoJb1+KbjzpJdpIJbHef6ze6TCmQfgWywIV/9GUvHlMgKZv7blgDn9a5K5JANM3Ge25D7NdebpjZVkXKiHB768T3ZStwzQXRZUqB9CsQyzaouGP3aV+fQCSe/0Bg5DuQhystcZ0En7qnLimEJabo067AdXeNLlMKpF+B2FqLfAenPsynJh2n0552sd03W5DUhp/i6fDOhnO6Dmfn9q+47oHRZUqB9CuQUyt2ke3L/nuMypz2HtyooTPdN10nQ5uS7J0cXaYUSL8CuazLXhgjbPGIfsNWFdsPTAPrVPdtr8a1L40uUwqkX4FcP2ClkZqngk82N62nRsKeakPY7rj+9dFlSoH0K5C7s11l+7aUwCFh2y+nBUc/mrI4NMue2Kc9Dde/K7pMKZB+BZJGiWrXWHe0tDmncQGObSEiv2hRuVe4uZGbkCnxPreZj9/fow5L/jCEbYLrPxJdphRIvwJJFee3B6o4H84WJj3ezRmM4io84WzV31mY2NsIk4n74t+FyFWlSK5wFgYcDnVbM3g+MtDfOS/9RnSZUiBrj0D2cNdPO1MtHVMcNksu2KvjD/H6MZnUYXOxBn1mlrfLP708fUUMeLP/PwpkXcNVmiGCB9N8huW3Mjt7guZU2iq6i72i5tqWS6tveyIFsg7iVhFabt4+LUUI35jtwTEuF2Z7dUxqW45IJmfbPPRpW+O690SXKQXSr0As15Mi4VuflvL8WlZGs++26JTbE8BX+FOwkU1dXqqZ2RbSr3Ud+BzbZbdPW4Trfju6TCmQfgVis8p+z/A+bEeXoMHvqz4Jr88q/rIsXiu3XZCg4dZsSe+5Db/xmJxWPSwU+2x0mVIg/QrE1jDYiz/vsbK8MduZqc02azs2zMg/Glae2fkVCaXrOuna4/qXfEeqU6PLlALpVyC2pYFmW671tcJulwkTWCeWZntz5KNfaW9EcU2qAypyen1sxO88JulbBzsT1zw4ukwpkH4FsmjCvQZH2Wy3rmNBy41zllbM7Ns2zR/IZsLPc7+TJut8SqG0EKwpP3AuxK59rt2iy5QC6Vcg1vlVTMj1GXLxPUzipVCWSbgME4Li5j+qdqrdM+vIC7ZEs/XoMubS39Vbp3W0e3C9LaLLlALpVyDi9ii3ytXV0gKsMzHBpy2w/MDe3oyn0k4uMUR6wsxDntxd8bkPJxnnt+x7XW0XXMsEGV6mFEj/AkkpNJu2Sh7X9nIz4Wkz0En5oojs7foXe+L4dS50JeduLLz65gSJq/uakDwc17KtEcLLlALpXyC2Qafff6+LpafGu5zw2mCxW8/Orn1hxZqSHdD8sj7Au3HeMydYqpvCWLrYubiWrc4ML1MKpH+B+B1uLZiwi+2L65w9wVoPi9A9DROBp0Oon6wZep6BtRfH1uS02m1EJsUc87eLbeyuZfFg4WVKgfQvED9haCEhXWyxq/R1CRM8aaa9q+2B6N9Jn1Tmbxd7abbddXiZUiDDCOTonoZ7/bxH2h22joMQ5Ged7i6WEm+3oets+qdxndVPu+gypUCGEchc125PoeltzOYkVo1RMb+BvLZndPy9+Ugq10Ycq9wcSpf0pg/i/+9Riy5TCmQYgQgWG/WR8Xz5GJXzOMx+p3UfbW3UZqFNVIWsTGL/gOtYyp/VFl2mFMhwAkkbwvxiwjy4uX1wjMp5EuZdKvcan8Csc/+zlvuk2yhbW5vjnlxrNNOiy5QCGU4gvk1tw7RtbVSQYF+ZDddzM+wvaCEQC4dva8fiGrab7xoWXaYUyLACeS4KfmWHZbhzcFcfMnmCiUOytSEpx9c43NXh79vYbTFt6+LXsOgypUCGFYgPHe/SF2natOZHCD6c4yp53XrzOjselfShtC/HhBOTXf62sxrWpYSXKQUyvEA2cxWpbUI5y5pYt8PsMkTmpkm6vXFXtjv6tg3XfKWLnUprTtrwqw5LjJ/vrrOg6oToMqVAhheIuDiqr0l7S4ux6kgr/96SDZteh12h7PhRmF2/uSIzYtpAc1JMnF2z1h9bd0J0mVIg0xGIT0tqzZk2Zk2o22sq6X2u/5ByVW08ZgyVBQcKvp/HZ43T92gbTpO2crum6aToMqVApieQNOxrvLDjLrBNazE+5wITPz5mRf8DnL/zhAJpG9riQ/e3bzoxukwpkOkJxOwIVIr7O8w6pwm1qn08/hNPjWsQ1n7xmBV9BYaK75pAHG23XNvCzXmMXMeuBZQrBTI9gfjNYZY1pNwZZU3ZRabB6mDCCW0W8gDna+FrLbpMKZDpC8RvhnOltLdPBInD+ilt7bpJszFqAeVKgUxfIBu45G82IdfWTp+yOMa669fYZ3CN5VnO30aLLlMKJEYggtB0W8Wn2Iq5rR0wRih8Vx7Grk91zaamCr++G0K2RHRPmuSP0wLKlQKJEYigsvzQ5d1tmz93FuKYhhDH5T78PLPDcM4jmPTLbQ7+LsXfaUPPE5kWUK4USJxABCl5UiK3O1yitja2I0aXLkDTzSbibsF1V2KtxUOOBxFtbKNXPxCRa7HXuvUz3o+haRkhjrR68pdZHq3FLip4aYPIGi26TCmQeIEku8jdtS31TbJ9EKf0vA7X3gCV155YmzqehIm+DVtccxmaXmYfhd/bVITpW0bG1qYFlCsFUoZA0vCtZYjPh4QTtqApwrbCk+VEd8yeVJqlR837WAd33UxICyhXCqQcgcxwazJShnPFQqjF48w892QbOj82chOI1ozaHMef4Jb3Wh/kZLz+PgImezEtoFwpkHIE4u1Dbq3HDW7LghQW8j40bWwded5hf9EYeXJn4rvW/PJ2AX7nFjTDUkTyoW55r7dtcXwPiMZeXyE9mRZQrhRImQJJmeKfniV09u37byFsI929BWHx1tlusgUYcrVr/MQtc/0Ajp3tRLKeG5FKyRm8+LZz8zkPYOja96E6mRZQrhRImQLxi5ZsFOpA155PfZNnYDHVSqw1WT7mHXw5rnkQzr/WRRzbnIpgCwf77BD3vRNr0qpei+MWkt+raQHlSoGUKxBBvlt7UrwN73dAE+qcikqZKmrT4qzZ+DxdL81RCIIcNUsifX7F4q+b8TpNEFpW+JfLAKYFlCsFUrZA6uKZBIug1M1X3OTTdjb0PWZnw7NvzZYH23bRgtd3Zt9PTb2+cvE2WnSZUiBrn0D2dyvxHnBNoifjmA0Vj2MnZdtKC5pTiry+aURKXT8kJea2PMGvkimYFlCuFMjaJZBktjHnV90EYupPXOLOeQXWqudh9WkbaZuETOlGU4zUfeiIp+vZ/EeybTBaNTXTAsqVAlk7BVK1ECnFdaUNcVJTKI/xSgupnu/Wuqc+xCK37duNbqg3xLSAcqVA1g2BCJ4UqULPxgrDqhD1JS7IMI2SWQ6vZHPxtGi7oKs30wLKlQIhRGMJd4AQLZhwBwjRggl3gBAtmHAHCNGCCXeAEC2YcAcI0YIJd4AQLZhwBwjRggl3gBAtmHAHCNGCCXeAEC2YcAcI0YIJd4AQLZhwBwjRggl3gBAtmHAHCNGCCXeAEC2YcAcI0YIJd4AQLZhwBwjRggl3gBAtmHAHCNGCCXeAEC2YcAcI0YIJd4AQLZhwBwjRggl3gBAtmHAHCNGCCXeAEC2YcAcI0YIJd4AQLZhwBwjRggl3gBAtmHAHCNGCCXeAEC2YcAcI0YIJd4AQLZhwBwjRggl3gBAtmHAHCNGCCXeAEC2YcAcI0YIJd4AQLZhwBwjRggl3gBAtmHAHCNGCCXeAEC2YcAcI0YIJd4AQLZhwBwjRggl3gBAtmHAHCNGCCXeAEC2YcAcI0YL5NR5ThNa5xhTQAAAAAElFTkSuQmCC');
CREATE TABLE IF NOT EXISTS "ClassSchedule" (
    "id" INTEGER NOT NULL PRIMARY KEY AUTOINCREMENT,
    "trainingType" TEXT,
    "trainingName" TEXT NOT NULL,
    "time" DATETIME NOT NULL,
    "duration" INTEGER NOT NULL,
    "trainer" TEXT,
    "memberCapacity" INTEGER NOT NULL,
    "location" TEXT,
    "repeatWeekly" BOOLEAN NOT NULL DEFAULT false,
    "ownerId" INTEGER NOT NULL,
    "affiliateId" INTEGER NOT NULL,
    "seriesId" INTEGER,
    "wodName" TEXT,
    "wodType" TEXT,
    "description" TEXT,
    "canRegister" BOOLEAN NOT NULL DEFAULT false,
    "freeClass" BOOLEAN NOT NULL DEFAULT false,
    CONSTRAINT "ClassSchedule_ownerId_fkey" FOREIGN KEY ("ownerId") REFERENCES "User" ("id") ON DELETE RESTRICT ON UPDATE CASCADE,
    CONSTRAINT "ClassSchedule_affiliateId_fkey" FOREIGN KEY ("affiliateId") REFERENCES "Affiliate" ("id") ON DELETE RESTRICT ON UPDATE CASCADE
);
INSERT INTO ClassSchedule VALUES(171,'WOD','CROSSFIT',1738058400000,60,'Karl Sasi',14,'Valge saal',0,6,10,NULL,'AMANDA2','For time','jumpssasd2222',0,0);
INSERT INTO ClassSchedule VALUES(173,'WOD','CROSSFIT',1738623600000,123,'Karl Sasi',22,'Sinine saal',0,6,10,NULL,'','For Time',replace('15-12-9-6-3 reps of:\nDeadlifts (70/100 kg)\n5-4-3-2-1 reps of:\nRope climbs (4.6/4.6 m)','\n',char(10)),0,0);
INSERT INTO ClassSchedule VALUES(174,'Weightlifting','tõstmine',1738158480000,21,'12',12,'12',0,6,10,NULL,'12','For Time',NULL,0,0);
INSERT INTO ClassSchedule VALUES(175,'WOD','CROSSFIT',1738375740000,12,'Karl Sasi',14,'Must saal',0,2,1,NULL,'','For Time',NULL,0,0);
INSERT INTO ClassSchedule VALUES(176,'WOD','CROSSFIT2',1738617240000,12,'',12,'',1,6,10,NULL,'','For Time',replace('15-12-9-6-3 reps of:\nDeadlifts (70/100 kg)\n5-4-3-2-1 reps of:\nRope climbs (4.6/4.6 m)','\n',char(10)),0,0);
INSERT INTO ClassSchedule VALUES(177,'WOD','testgg',1738624620000,12,'',12,'',0,6,10,NULL,'','For Time',replace('15-12-9-6-3 reps of:\nDeadlifts (70/100 kg)\n5-4-3-2-1 reps of:\nRope climbs (4.6/4.6 m)','\n',char(10)),0,0);
INSERT INTO ClassSchedule VALUES(178,'Weightlifting','aaa',1738610280000,12,'',12,'',1,6,10,NULL,'','For Time',NULL,0,0);
INSERT INTO ClassSchedule VALUES(179,'Weightlifting','CROSSFIT',1739181600000,60,'Karl Sasi',14,'Must saal',0,6,10,178,'','For Time',NULL,0,0);
INSERT INTO ClassSchedule VALUES(231,'WOD','CROSSFIT',1738846980000,12,'Karl Sasi',13,'Must saal',1,6,10,NULL,'','For Time',replace('5 rounds for time:\n750-m row\n30 sit-ups\n15 handstand push-ups','\n',char(10)),0,0);
INSERT INTO ClassSchedule VALUES(284,'WOD','CROSSFIT2',1738843800000,12,'Joosep Roosaar',14,'Must saal',0,6,10,NULL,'','For Time',replace('5 rounds for time:\n750-m row\n30 sit-ups\n15 handstand push-ups','\n',char(10)),0,0);
INSERT INTO ClassSchedule VALUES(1345,'WOD','CROSSFIT',1739187300000,12,'',12,'',1,6,10,NULL,'','For Time',NULL,0,0);
INSERT INTO ClassSchedule VALUES(1451,'WOD','CROSSFIT',1739259780000,12,'',12,'',0,6,10,NULL,'','For Time',NULL,0,0);
INSERT INTO ClassSchedule VALUES(1452,'WOD','CROSSFIT',1739864580000,12,'',12,'',1,6,10,1451,NULL,NULL,NULL,0,0);
INSERT INTO ClassSchedule VALUES(1453,'WOD','CROSSFIT',1740469380000,12,'',12,'',0,6,10,1451,'','For Time',NULL,0,0);
INSERT INTO ClassSchedule VALUES(1505,'WOD','CROSSFIT',1739878980000,12,'',12,'',1,6,10,1504,NULL,NULL,NULL,0,0);
INSERT INTO ClassSchedule VALUES(1506,'WOD','CROSSFIT',1740483780000,12,'',12,'',1,6,10,1504,NULL,NULL,NULL,0,0);
INSERT INTO ClassSchedule VALUES(1507,'WOD','CROSSFIT',1741088580000,12,'',12,'',1,6,10,1504,NULL,NULL,NULL,0,0);
INSERT INTO ClassSchedule VALUES(1508,'WOD','CROSSFIT',1741693380000,12,'',12,'',1,6,10,1504,NULL,NULL,NULL,0,0);
INSERT INTO ClassSchedule VALUES(1509,'WOD','CROSSFIT',1742298180000,12,'',12,'',1,6,10,1504,NULL,NULL,NULL,0,0);
INSERT INTO ClassSchedule VALUES(1510,'WOD','CROSSFIT',1742902980000,12,'',12,'',1,6,10,1504,NULL,NULL,NULL,0,0);
INSERT INTO ClassSchedule VALUES(1511,'WOD','CROSSFIT',1743504180000,12,'',12,'',1,6,10,1504,NULL,NULL,NULL,0,0);
INSERT INTO ClassSchedule VALUES(1512,'WOD','CROSSFIT',1744108980000,12,'',12,'',1,6,10,1504,NULL,NULL,NULL,0,0);
INSERT INTO ClassSchedule VALUES(1513,'WOD','CROSSFIT',1744713780000,12,'',12,'',1,6,10,1504,NULL,NULL,NULL,0,0);
INSERT INTO ClassSchedule VALUES(1514,'WOD','CROSSFIT',1745318580000,12,'',12,'',1,6,10,1504,NULL,NULL,NULL,0,0);
INSERT INTO ClassSchedule VALUES(1515,'WOD','CROSSFIT',1745923380000,12,'',12,'',1,6,10,1504,NULL,NULL,NULL,0,0);
INSERT INTO ClassSchedule VALUES(1516,'WOD','CROSSFIT',1746528180000,12,'',12,'',1,6,10,1504,NULL,NULL,NULL,0,0);
INSERT INTO ClassSchedule VALUES(1517,'WOD','CROSSFIT',1747132980000,12,'',12,'',1,6,10,1504,NULL,NULL,NULL,0,0);
INSERT INTO ClassSchedule VALUES(1518,'WOD','CROSSFIT',1747737780000,12,'',12,'',1,6,10,1504,NULL,NULL,NULL,0,0);
INSERT INTO ClassSchedule VALUES(1519,'WOD','CROSSFIT',1748342580000,12,'',12,'',1,6,10,1504,NULL,NULL,NULL,0,0);
INSERT INTO ClassSchedule VALUES(1520,'WOD','CROSSFIT',1748947380000,12,'',12,'',1,6,10,1504,NULL,NULL,NULL,0,0);
INSERT INTO ClassSchedule VALUES(1521,'WOD','CROSSFIT',1749552180000,12,'',12,'',1,6,10,1504,NULL,NULL,NULL,0,0);
INSERT INTO ClassSchedule VALUES(1522,'WOD','CROSSFIT',1750156980000,12,'',12,'',1,6,10,1504,NULL,NULL,NULL,0,0);
INSERT INTO ClassSchedule VALUES(1523,'WOD','CROSSFIT',1750761780000,12,'',12,'',1,6,10,1504,NULL,NULL,NULL,0,0);
INSERT INTO ClassSchedule VALUES(1524,'WOD','CROSSFIT',1751366580000,12,'',12,'',1,6,10,1504,NULL,NULL,NULL,0,0);
INSERT INTO ClassSchedule VALUES(1525,'WOD','CROSSFIT',1751971380000,12,'',12,'',1,6,10,1504,NULL,NULL,NULL,0,0);
INSERT INTO ClassSchedule VALUES(1526,'WOD','CROSSFIT',1752576180000,12,'',12,'',1,6,10,1504,NULL,NULL,NULL,0,0);
INSERT INTO ClassSchedule VALUES(1527,'WOD','CROSSFIT',1753180980000,12,'',12,'',1,6,10,1504,NULL,NULL,NULL,0,0);
INSERT INTO ClassSchedule VALUES(1528,'WOD','CROSSFIT',1753785780000,12,'',12,'',1,6,10,1504,NULL,NULL,NULL,0,0);
INSERT INTO ClassSchedule VALUES(1529,'WOD','CROSSFIT',1754390580000,12,'',12,'',1,6,10,1504,NULL,NULL,NULL,0,0);
INSERT INTO ClassSchedule VALUES(1530,'WOD','CROSSFIT',1754995380000,12,'',12,'',1,6,10,1504,NULL,NULL,NULL,0,0);
INSERT INTO ClassSchedule VALUES(1531,'WOD','CROSSFIT',1755600180000,12,'',12,'',1,6,10,1504,NULL,NULL,NULL,0,0);
INSERT INTO ClassSchedule VALUES(1532,'WOD','CROSSFIT',1756204980000,12,'',12,'',1,6,10,1504,NULL,NULL,NULL,0,0);
INSERT INTO ClassSchedule VALUES(1533,'WOD','CROSSFIT',1756809780000,12,'',12,'',1,6,10,1504,NULL,NULL,NULL,0,0);
INSERT INTO ClassSchedule VALUES(1534,'WOD','CROSSFIT',1757414580000,12,'',12,'',1,6,10,1504,NULL,NULL,NULL,0,0);
INSERT INTO ClassSchedule VALUES(1535,'WOD','CROSSFIT',1758019380000,12,'',12,'',1,6,10,1504,NULL,NULL,NULL,0,0);
INSERT INTO ClassSchedule VALUES(1536,'WOD','CROSSFIT',1758624180000,12,'',12,'',1,6,10,1504,NULL,NULL,NULL,0,0);
INSERT INTO ClassSchedule VALUES(1537,'WOD','CROSSFIT',1759228980000,12,'',12,'',1,6,10,1504,NULL,NULL,NULL,0,0);
INSERT INTO ClassSchedule VALUES(1538,'WOD','CROSSFIT',1759833780000,12,'',12,'',1,6,10,1504,NULL,NULL,NULL,0,0);
INSERT INTO ClassSchedule VALUES(1539,'WOD','CROSSFIT',1760438580000,12,'',12,'',1,6,10,1504,NULL,NULL,NULL,0,0);
INSERT INTO ClassSchedule VALUES(1540,'WOD','CROSSFIT',1761043380000,12,'',12,'',1,6,10,1504,NULL,NULL,NULL,0,0);
INSERT INTO ClassSchedule VALUES(1541,'WOD','CROSSFIT',1761651780000,12,'',12,'',1,6,10,1504,NULL,NULL,NULL,0,0);
INSERT INTO ClassSchedule VALUES(1542,'WOD','CROSSFIT',1762256580000,12,'',12,'',1,6,10,1504,NULL,NULL,NULL,0,0);
INSERT INTO ClassSchedule VALUES(1543,'WOD','CROSSFIT',1762861380000,12,'',12,'',1,6,10,1504,NULL,NULL,NULL,0,0);
INSERT INTO ClassSchedule VALUES(1544,'WOD','CROSSFIT',1763466180000,12,'',12,'',1,6,10,1504,NULL,NULL,NULL,0,0);
INSERT INTO ClassSchedule VALUES(1545,'WOD','CROSSFIT',1764070980000,12,'',12,'',1,6,10,1504,NULL,NULL,NULL,0,0);
INSERT INTO ClassSchedule VALUES(1546,'WOD','CROSSFIT',1764675780000,12,'',12,'',1,6,10,1504,NULL,NULL,NULL,0,0);
INSERT INTO ClassSchedule VALUES(1547,'WOD','CROSSFIT',1765280580000,12,'',12,'',1,6,10,1504,NULL,NULL,NULL,0,0);
INSERT INTO ClassSchedule VALUES(1548,'WOD','CROSSFIT',1765885380000,12,'',12,'',1,6,10,1504,NULL,NULL,NULL,0,0);
INSERT INTO ClassSchedule VALUES(1549,'WOD','CROSSFIT',1766490180000,12,'',12,'',1,6,10,1504,NULL,NULL,NULL,0,0);
INSERT INTO ClassSchedule VALUES(1550,'WOD','CROSSFIT',1767094980000,12,'',12,'',1,6,10,1504,NULL,NULL,NULL,0,0);
INSERT INTO ClassSchedule VALUES(1551,'WOD','CROSSFIT',1767699780000,12,'',12,'',1,6,10,1504,NULL,NULL,NULL,0,0);
INSERT INTO ClassSchedule VALUES(1552,'WOD','CROSSFIT',1768304580000,12,'',12,'',1,6,10,1504,NULL,NULL,NULL,0,0);
INSERT INTO ClassSchedule VALUES(1553,'WOD','CROSSFIT',1768909380000,12,'',12,'',1,6,10,1504,NULL,NULL,NULL,0,0);
INSERT INTO ClassSchedule VALUES(1554,'WOD','CROSSFIT',1769514180000,12,'',12,'',1,6,10,1504,NULL,NULL,NULL,0,0);
INSERT INTO ClassSchedule VALUES(1555,'WOD','CROSSFIT',1770118980000,12,'',12,'',1,6,10,1504,NULL,NULL,NULL,0,0);
INSERT INTO ClassSchedule VALUES(1556,'WOD','CROSSFIT',1770723780000,12,'',12,'',1,6,10,1504,NULL,NULL,NULL,0,0);
INSERT INTO ClassSchedule VALUES(1557,'WOD','CROSSFIT',1741679220000,12,'',12,'',0,6,10,NULL,'','For Time',NULL,0,0);
INSERT INTO ClassSchedule VALUES(1558,'WOD','CROSSFIT',1742284020000,12,'',12,'',0,6,10,1557,'','For Time',NULL,0,0);
INSERT INTO ClassSchedule VALUES(1610,'WOD','CROSSFIT',1739440800000,60,'Karl Sasi',14,'Must saal',1,6,10,NULL,'','EMOM',replace('Every 2:00 for 10 rounds for load:\n10 box jumps (51/61 cm)\n3 hang squat cleans\n– Step down from the box.\nScore: Load','\n',char(10)),0,0);
INSERT INTO ClassSchedule VALUES(1611,'WOD','CROSSFIT',1740045600000,60,'Karl Sasi',14,'Must saal',1,6,10,1610,NULL,NULL,NULL,0,0);
INSERT INTO ClassSchedule VALUES(1612,'WOD','CROSSFIT',1740650400000,60,'Karl Sasi',14,'Must saal',1,6,10,1610,NULL,NULL,NULL,0,0);
INSERT INTO ClassSchedule VALUES(1613,'WOD','CROSSFIT',1741255200000,60,'Karl Sasi',14,'Must saal',1,6,10,1610,NULL,NULL,NULL,0,0);
INSERT INTO ClassSchedule VALUES(1614,'WOD','CROSSFIT',1741860000000,60,'Karl Sasi',14,'Must saal',1,6,10,1610,NULL,NULL,NULL,0,0);
INSERT INTO ClassSchedule VALUES(1615,'WOD','CROSSFIT',1742464800000,60,'Karl Sasi',14,'Must saal',1,6,10,1610,NULL,NULL,NULL,0,0);
INSERT INTO ClassSchedule VALUES(1616,'WOD','CROSSFIT',1743069600000,60,'Karl Sasi',14,'Must saal',1,6,10,1610,NULL,NULL,NULL,0,0);
INSERT INTO ClassSchedule VALUES(1617,'WOD','CROSSFIT',1743670800000,60,'Karl Sasi',14,'Must saal',1,6,10,1610,NULL,NULL,NULL,0,0);
INSERT INTO ClassSchedule VALUES(1618,'WOD','CROSSFIT',1744275600000,60,'Karl Sasi',14,'Must saal',1,6,10,1610,NULL,NULL,NULL,0,0);
INSERT INTO ClassSchedule VALUES(1619,'WOD','CROSSFIT',1744880400000,60,'Karl Sasi',14,'Must saal',1,6,10,1610,NULL,NULL,NULL,0,0);
INSERT INTO ClassSchedule VALUES(1620,'WOD','CROSSFIT',1745485200000,60,'Karl Sasi',14,'Must saal',1,6,10,1610,NULL,NULL,NULL,0,0);
INSERT INTO ClassSchedule VALUES(1621,'WOD','CROSSFIT',1746090000000,60,'Karl Sasi',14,'Must saal',1,6,10,1610,NULL,NULL,NULL,0,0);
INSERT INTO ClassSchedule VALUES(1622,'WOD','CROSSFIT',1746694800000,60,'Karl Sasi',14,'Must saal',1,6,10,1610,NULL,NULL,NULL,0,0);
INSERT INTO ClassSchedule VALUES(1623,'WOD','CROSSFIT',1747299600000,60,'Karl Sasi',14,'Must saal',1,6,10,1610,NULL,NULL,NULL,0,0);
INSERT INTO ClassSchedule VALUES(1624,'WOD','CROSSFIT',1747904400000,60,'Karl Sasi',14,'Must saal',1,6,10,1610,NULL,NULL,NULL,0,0);
INSERT INTO ClassSchedule VALUES(1625,'WOD','CROSSFIT',1748509200000,60,'Karl Sasi',14,'Must saal',1,6,10,1610,NULL,NULL,NULL,0,0);
INSERT INTO ClassSchedule VALUES(1626,'WOD','CROSSFIT',1749114000000,60,'Karl Sasi',14,'Must saal',1,6,10,1610,NULL,NULL,NULL,0,0);
INSERT INTO ClassSchedule VALUES(1627,'WOD','CROSSFIT',1749718800000,60,'Karl Sasi',14,'Must saal',1,6,10,1610,NULL,NULL,NULL,0,0);
INSERT INTO ClassSchedule VALUES(1628,'WOD','CROSSFIT',1750323600000,60,'Karl Sasi',14,'Must saal',1,6,10,1610,NULL,NULL,NULL,0,0);
INSERT INTO ClassSchedule VALUES(1629,'WOD','CROSSFIT',1750928400000,60,'Karl Sasi',14,'Must saal',1,6,10,1610,NULL,NULL,NULL,0,0);
INSERT INTO ClassSchedule VALUES(1630,'WOD','CROSSFIT',1751533200000,60,'Karl Sasi',14,'Must saal',1,6,10,1610,NULL,NULL,NULL,0,0);
INSERT INTO ClassSchedule VALUES(1631,'WOD','CROSSFIT',1752138000000,60,'Karl Sasi',14,'Must saal',1,6,10,1610,NULL,NULL,NULL,0,0);
INSERT INTO ClassSchedule VALUES(1632,'WOD','CROSSFIT',1752742800000,60,'Karl Sasi',14,'Must saal',1,6,10,1610,NULL,NULL,NULL,0,0);
INSERT INTO ClassSchedule VALUES(1633,'WOD','CROSSFIT',1753347600000,60,'Karl Sasi',14,'Must saal',1,6,10,1610,NULL,NULL,NULL,0,0);
INSERT INTO ClassSchedule VALUES(1634,'WOD','CROSSFIT',1753952400000,60,'Karl Sasi',14,'Must saal',1,6,10,1610,NULL,NULL,NULL,0,0);
INSERT INTO ClassSchedule VALUES(1635,'WOD','CROSSFIT',1754557200000,60,'Karl Sasi',14,'Must saal',1,6,10,1610,NULL,NULL,NULL,0,0);
INSERT INTO ClassSchedule VALUES(1636,'WOD','CROSSFIT',1755162000000,60,'Karl Sasi',14,'Must saal',1,6,10,1610,NULL,NULL,NULL,0,0);
INSERT INTO ClassSchedule VALUES(1637,'WOD','CROSSFIT',1755766800000,60,'Karl Sasi',14,'Must saal',1,6,10,1610,NULL,NULL,NULL,0,0);
INSERT INTO ClassSchedule VALUES(1638,'WOD','CROSSFIT',1756371600000,60,'Karl Sasi',14,'Must saal',1,6,10,1610,NULL,NULL,NULL,0,0);
INSERT INTO ClassSchedule VALUES(1639,'WOD','CROSSFIT',1756976400000,60,'Karl Sasi',14,'Must saal',1,6,10,1610,NULL,NULL,NULL,0,0);
INSERT INTO ClassSchedule VALUES(1640,'WOD','CROSSFIT',1757581200000,60,'Karl Sasi',14,'Must saal',1,6,10,1610,NULL,NULL,NULL,0,0);
INSERT INTO ClassSchedule VALUES(1641,'WOD','CROSSFIT',1758186000000,60,'Karl Sasi',14,'Must saal',1,6,10,1610,NULL,NULL,NULL,0,0);
INSERT INTO ClassSchedule VALUES(1642,'WOD','CROSSFIT',1758790800000,60,'Karl Sasi',14,'Must saal',1,6,10,1610,NULL,NULL,NULL,0,0);
INSERT INTO ClassSchedule VALUES(1643,'WOD','CROSSFIT',1759395600000,60,'Karl Sasi',14,'Must saal',1,6,10,1610,NULL,NULL,NULL,0,0);
INSERT INTO ClassSchedule VALUES(1644,'WOD','CROSSFIT',1760000400000,60,'Karl Sasi',14,'Must saal',1,6,10,1610,NULL,NULL,NULL,0,0);
INSERT INTO ClassSchedule VALUES(1645,'WOD','CROSSFIT',1760605200000,60,'Karl Sasi',14,'Must saal',1,6,10,1610,NULL,NULL,NULL,0,0);
INSERT INTO ClassSchedule VALUES(1646,'WOD','CROSSFIT',1761210000000,60,'Karl Sasi',14,'Must saal',1,6,10,1610,NULL,NULL,NULL,0,0);
INSERT INTO ClassSchedule VALUES(1647,'WOD','CROSSFIT',1761818400000,60,'Karl Sasi',14,'Must saal',1,6,10,1610,NULL,NULL,NULL,0,0);
INSERT INTO ClassSchedule VALUES(1648,'WOD','CROSSFIT',1762423200000,60,'Karl Sasi',14,'Must saal',1,6,10,1610,NULL,NULL,NULL,0,0);
INSERT INTO ClassSchedule VALUES(1649,'WOD','CROSSFIT',1763028000000,60,'Karl Sasi',14,'Must saal',1,6,10,1610,NULL,NULL,NULL,0,0);
INSERT INTO ClassSchedule VALUES(1650,'WOD','CROSSFIT',1763632800000,60,'Karl Sasi',14,'Must saal',1,6,10,1610,NULL,NULL,NULL,0,0);
INSERT INTO ClassSchedule VALUES(1651,'WOD','CROSSFIT',1764237600000,60,'Karl Sasi',14,'Must saal',1,6,10,1610,NULL,NULL,NULL,0,0);
INSERT INTO ClassSchedule VALUES(1652,'WOD','CROSSFIT',1764842400000,60,'Karl Sasi',14,'Must saal',1,6,10,1610,NULL,NULL,NULL,0,0);
INSERT INTO ClassSchedule VALUES(1653,'WOD','CROSSFIT',1765447200000,60,'Karl Sasi',14,'Must saal',1,6,10,1610,NULL,NULL,NULL,0,0);
INSERT INTO ClassSchedule VALUES(1654,'WOD','CROSSFIT',1766052000000,60,'Karl Sasi',14,'Must saal',1,6,10,1610,NULL,NULL,NULL,0,0);
INSERT INTO ClassSchedule VALUES(1655,'WOD','CROSSFIT',1766656800000,60,'Karl Sasi',14,'Must saal',1,6,10,1610,NULL,NULL,NULL,0,0);
INSERT INTO ClassSchedule VALUES(1656,'WOD','CROSSFIT',1767261600000,60,'Karl Sasi',14,'Must saal',1,6,10,1610,NULL,NULL,NULL,0,0);
INSERT INTO ClassSchedule VALUES(1657,'WOD','CROSSFIT',1767866400000,60,'Karl Sasi',14,'Must saal',1,6,10,1610,NULL,NULL,NULL,0,0);
INSERT INTO ClassSchedule VALUES(1658,'WOD','CROSSFIT',1768471200000,60,'Karl Sasi',14,'Must saal',1,6,10,1610,NULL,NULL,NULL,0,0);
INSERT INTO ClassSchedule VALUES(1659,'WOD','CROSSFIT',1769076000000,60,'Karl Sasi',14,'Must saal',1,6,10,1610,NULL,NULL,NULL,0,0);
INSERT INTO ClassSchedule VALUES(1660,'WOD','CROSSFIT',1769680800000,60,'Karl Sasi',14,'Must saal',1,6,10,1610,NULL,NULL,NULL,0,0);
INSERT INTO ClassSchedule VALUES(1661,'WOD','CROSSFIT',1770285600000,60,'Karl Sasi',14,'Must saal',1,6,10,1610,NULL,NULL,NULL,0,0);
INSERT INTO ClassSchedule VALUES(1662,'WOD','CROSSFIT',1770890400000,60,'Karl Sasi',14,'Must saal',1,6,10,1610,NULL,NULL,NULL,0,0);
INSERT INTO ClassSchedule VALUES(1663,'WOD','CROSSFIT',1739457000000,60,'Karl Sasi',14,'Must saal',1,6,10,NULL,'','EMOM',replace('Every 2:00 for 10 rounds for load:\n10 box jumps (51/61 cm)\n3 hang squat cleans\n– Step down from the box.\nScore: Load','\n',char(10)),0,0);
INSERT INTO ClassSchedule VALUES(1664,'WOD','CROSSFIT',1740061800000,60,'Karl Sasi',14,'Must saal',1,6,10,1663,NULL,NULL,NULL,0,0);
INSERT INTO ClassSchedule VALUES(1665,'WOD','CROSSFIT',1740666600000,60,'Karl Sasi',14,'Must saal',1,6,10,1663,NULL,NULL,NULL,0,0);
INSERT INTO ClassSchedule VALUES(1666,'WOD','CROSSFIT',1741271400000,60,'Karl Sasi',14,'Must saal',1,6,10,1663,NULL,NULL,NULL,0,0);
INSERT INTO ClassSchedule VALUES(1667,'WOD','CROSSFIT',1741876200000,60,'Karl Sasi',14,'Must saal',1,6,10,1663,NULL,NULL,NULL,0,0);
INSERT INTO ClassSchedule VALUES(1668,'WOD','CROSSFIT',1742481000000,60,'Karl Sasi',14,'Must saal',1,6,10,1663,NULL,NULL,NULL,0,0);
INSERT INTO ClassSchedule VALUES(1669,'WOD','CROSSFIT',1743085800000,60,'Karl Sasi',14,'Must saal',1,6,10,1663,NULL,NULL,NULL,0,0);
INSERT INTO ClassSchedule VALUES(1670,'WOD','CROSSFIT',1743687000000,60,'Karl Sasi',14,'Must saal',1,6,10,1663,NULL,NULL,NULL,0,0);
INSERT INTO ClassSchedule VALUES(1671,'WOD','CROSSFIT',1744291800000,60,'Karl Sasi',14,'Must saal',1,6,10,1663,NULL,NULL,NULL,0,0);
INSERT INTO ClassSchedule VALUES(1672,'WOD','CROSSFIT',1744896600000,60,'Karl Sasi',14,'Must saal',1,6,10,1663,NULL,NULL,NULL,0,0);
INSERT INTO ClassSchedule VALUES(1673,'WOD','CROSSFIT',1745501400000,60,'Karl Sasi',14,'Must saal',1,6,10,1663,NULL,NULL,NULL,0,0);
INSERT INTO ClassSchedule VALUES(1674,'WOD','CROSSFIT',1746106200000,60,'Karl Sasi',14,'Must saal',1,6,10,1663,NULL,NULL,NULL,0,0);
INSERT INTO ClassSchedule VALUES(1675,'WOD','CROSSFIT',1746711000000,60,'Karl Sasi',14,'Must saal',1,6,10,1663,NULL,NULL,NULL,0,0);
INSERT INTO ClassSchedule VALUES(1676,'WOD','CROSSFIT',1747315800000,60,'Karl Sasi',14,'Must saal',1,6,10,1663,NULL,NULL,NULL,0,0);
INSERT INTO ClassSchedule VALUES(1677,'WOD','CROSSFIT',1747920600000,60,'Karl Sasi',14,'Must saal',1,6,10,1663,NULL,NULL,NULL,0,0);
INSERT INTO ClassSchedule VALUES(1678,'WOD','CROSSFIT',1748525400000,60,'Karl Sasi',14,'Must saal',1,6,10,1663,NULL,NULL,NULL,0,0);
INSERT INTO ClassSchedule VALUES(1679,'WOD','CROSSFIT',1749130200000,60,'Karl Sasi',14,'Must saal',1,6,10,1663,NULL,NULL,NULL,0,0);
INSERT INTO ClassSchedule VALUES(1680,'WOD','CROSSFIT',1749735000000,60,'Karl Sasi',14,'Must saal',1,6,10,1663,NULL,NULL,NULL,0,0);
INSERT INTO ClassSchedule VALUES(1681,'WOD','CROSSFIT',1750339800000,60,'Karl Sasi',14,'Must saal',1,6,10,1663,NULL,NULL,NULL,0,0);
INSERT INTO ClassSchedule VALUES(1682,'WOD','CROSSFIT',1750944600000,60,'Karl Sasi',14,'Must saal',1,6,10,1663,NULL,NULL,NULL,0,0);
INSERT INTO ClassSchedule VALUES(1683,'WOD','CROSSFIT',1751549400000,60,'Karl Sasi',14,'Must saal',1,6,10,1663,NULL,NULL,NULL,0,0);
INSERT INTO ClassSchedule VALUES(1684,'WOD','CROSSFIT',1752154200000,60,'Karl Sasi',14,'Must saal',1,6,10,1663,NULL,NULL,NULL,0,0);
INSERT INTO ClassSchedule VALUES(1685,'WOD','CROSSFIT',1752759000000,60,'Karl Sasi',14,'Must saal',1,6,10,1663,NULL,NULL,NULL,0,0);
INSERT INTO ClassSchedule VALUES(1686,'WOD','CROSSFIT',1753363800000,60,'Karl Sasi',14,'Must saal',1,6,10,1663,NULL,NULL,NULL,0,0);
INSERT INTO ClassSchedule VALUES(1687,'WOD','CROSSFIT',1753968600000,60,'Karl Sasi',14,'Must saal',1,6,10,1663,NULL,NULL,NULL,0,0);
INSERT INTO ClassSchedule VALUES(1688,'WOD','CROSSFIT',1754573400000,60,'Karl Sasi',14,'Must saal',1,6,10,1663,NULL,NULL,NULL,0,0);
INSERT INTO ClassSchedule VALUES(1689,'WOD','CROSSFIT',1755178200000,60,'Karl Sasi',14,'Must saal',1,6,10,1663,NULL,NULL,NULL,0,0);
INSERT INTO ClassSchedule VALUES(1690,'WOD','CROSSFIT',1755783000000,60,'Karl Sasi',14,'Must saal',1,6,10,1663,NULL,NULL,NULL,0,0);
INSERT INTO ClassSchedule VALUES(1691,'WOD','CROSSFIT',1756387800000,60,'Karl Sasi',14,'Must saal',1,6,10,1663,NULL,NULL,NULL,0,0);
INSERT INTO ClassSchedule VALUES(1692,'WOD','CROSSFIT',1756992600000,60,'Karl Sasi',14,'Must saal',1,6,10,1663,NULL,NULL,NULL,0,0);
INSERT INTO ClassSchedule VALUES(1693,'WOD','CROSSFIT',1757597400000,60,'Karl Sasi',14,'Must saal',1,6,10,1663,NULL,NULL,NULL,0,0);
INSERT INTO ClassSchedule VALUES(1694,'WOD','CROSSFIT',1758202200000,60,'Karl Sasi',14,'Must saal',1,6,10,1663,NULL,NULL,NULL,0,0);
INSERT INTO ClassSchedule VALUES(1695,'WOD','CROSSFIT',1758807000000,60,'Karl Sasi',14,'Must saal',1,6,10,1663,NULL,NULL,NULL,0,0);
INSERT INTO ClassSchedule VALUES(1696,'WOD','CROSSFIT',1759411800000,60,'Karl Sasi',14,'Must saal',1,6,10,1663,NULL,NULL,NULL,0,0);
INSERT INTO ClassSchedule VALUES(1697,'WOD','CROSSFIT',1760016600000,60,'Karl Sasi',14,'Must saal',1,6,10,1663,NULL,NULL,NULL,0,0);
INSERT INTO ClassSchedule VALUES(1698,'WOD','CROSSFIT',1760621400000,60,'Karl Sasi',14,'Must saal',1,6,10,1663,NULL,NULL,NULL,0,0);
INSERT INTO ClassSchedule VALUES(1699,'WOD','CROSSFIT',1761226200000,60,'Karl Sasi',14,'Must saal',1,6,10,1663,NULL,NULL,NULL,0,0);
INSERT INTO ClassSchedule VALUES(1700,'WOD','CROSSFIT',1761834600000,60,'Karl Sasi',14,'Must saal',1,6,10,1663,NULL,NULL,NULL,0,0);
INSERT INTO ClassSchedule VALUES(1701,'WOD','CROSSFIT',1762439400000,60,'Karl Sasi',14,'Must saal',1,6,10,1663,NULL,NULL,NULL,0,0);
INSERT INTO ClassSchedule VALUES(1702,'WOD','CROSSFIT',1763044200000,60,'Karl Sasi',14,'Must saal',1,6,10,1663,NULL,NULL,NULL,0,0);
INSERT INTO ClassSchedule VALUES(1703,'WOD','CROSSFIT',1763649000000,60,'Karl Sasi',14,'Must saal',1,6,10,1663,NULL,NULL,NULL,0,0);
INSERT INTO ClassSchedule VALUES(1704,'WOD','CROSSFIT',1764253800000,60,'Karl Sasi',14,'Must saal',1,6,10,1663,NULL,NULL,NULL,0,0);
INSERT INTO ClassSchedule VALUES(1705,'WOD','CROSSFIT',1764858600000,60,'Karl Sasi',14,'Must saal',1,6,10,1663,NULL,NULL,NULL,0,0);
INSERT INTO ClassSchedule VALUES(1706,'WOD','CROSSFIT',1765463400000,60,'Karl Sasi',14,'Must saal',1,6,10,1663,NULL,NULL,NULL,0,0);
INSERT INTO ClassSchedule VALUES(1707,'WOD','CROSSFIT',1766068200000,60,'Karl Sasi',14,'Must saal',1,6,10,1663,NULL,NULL,NULL,0,0);
INSERT INTO ClassSchedule VALUES(1708,'WOD','CROSSFIT',1766673000000,60,'Karl Sasi',14,'Must saal',1,6,10,1663,NULL,NULL,NULL,0,0);
INSERT INTO ClassSchedule VALUES(1709,'WOD','CROSSFIT',1767277800000,60,'Karl Sasi',14,'Must saal',1,6,10,1663,NULL,NULL,NULL,0,0);
INSERT INTO ClassSchedule VALUES(1710,'WOD','CROSSFIT',1767882600000,60,'Karl Sasi',14,'Must saal',1,6,10,1663,NULL,NULL,NULL,0,0);
INSERT INTO ClassSchedule VALUES(1711,'WOD','CROSSFIT',1768487400000,60,'Karl Sasi',14,'Must saal',1,6,10,1663,NULL,NULL,NULL,0,0);
INSERT INTO ClassSchedule VALUES(1712,'WOD','CROSSFIT',1769092200000,60,'Karl Sasi',14,'Must saal',1,6,10,1663,NULL,NULL,NULL,0,0);
INSERT INTO ClassSchedule VALUES(1713,'WOD','CROSSFIT',1769697000000,60,'Karl Sasi',14,'Must saal',1,6,10,1663,NULL,NULL,NULL,0,0);
INSERT INTO ClassSchedule VALUES(1714,'WOD','CROSSFIT',1770301800000,60,'Karl Sasi',14,'Must saal',1,6,10,1663,NULL,NULL,NULL,0,0);
INSERT INTO ClassSchedule VALUES(1715,'WOD','CROSSFIT',1770906600000,60,'Karl Sasi',14,'Must saal',1,6,10,1663,NULL,NULL,NULL,0,0);
INSERT INTO ClassSchedule VALUES(1716,'WOD','CROSSFIT',1739460600000,60,'Karl Sasi',14,'Must saal',1,6,10,NULL,'','EMOM',replace('Every 2:00 for 10 rounds for load:\n10 box jumps (51/61 cm)\n3 hang squat cleans\n– Step down from the box.\nScore: Load','\n',char(10)),0,0);
INSERT INTO ClassSchedule VALUES(1717,'WOD','CROSSFIT',1740065400000,60,'Karl Sasi',14,'Must saal',1,6,10,1716,NULL,NULL,NULL,0,0);
INSERT INTO ClassSchedule VALUES(1718,'WOD','CROSSFIT',1740670200000,60,'Karl Sasi',14,'Must saal',1,6,10,1716,NULL,NULL,NULL,0,0);
INSERT INTO ClassSchedule VALUES(1719,'WOD','CROSSFIT',1741275000000,60,'Karl Sasi',14,'Must saal',1,6,10,1716,NULL,NULL,NULL,0,0);
INSERT INTO ClassSchedule VALUES(1720,'WOD','CROSSFIT',1741879800000,60,'Karl Sasi',14,'Must saal',1,6,10,1716,NULL,NULL,NULL,0,0);
INSERT INTO ClassSchedule VALUES(1721,'WOD','CROSSFIT',1742484600000,60,'Karl Sasi',14,'Must saal',1,6,10,1716,NULL,NULL,NULL,0,0);
INSERT INTO ClassSchedule VALUES(1722,'WOD','CROSSFIT',1743089400000,60,'Karl Sasi',14,'Must saal',1,6,10,1716,NULL,NULL,NULL,0,0);
INSERT INTO ClassSchedule VALUES(1723,'WOD','CROSSFIT',1743690600000,60,'Karl Sasi',14,'Must saal',1,6,10,1716,NULL,NULL,NULL,0,0);
INSERT INTO ClassSchedule VALUES(1724,'WOD','CROSSFIT',1744295400000,60,'Karl Sasi',14,'Must saal',1,6,10,1716,NULL,NULL,NULL,0,0);
INSERT INTO ClassSchedule VALUES(1725,'WOD','CROSSFIT',1744900200000,60,'Karl Sasi',14,'Must saal',1,6,10,1716,NULL,NULL,NULL,0,0);
INSERT INTO ClassSchedule VALUES(1726,'WOD','CROSSFIT',1745505000000,60,'Karl Sasi',14,'Must saal',1,6,10,1716,NULL,NULL,NULL,0,0);
INSERT INTO ClassSchedule VALUES(1727,'WOD','CROSSFIT',1746109800000,60,'Karl Sasi',14,'Must saal',1,6,10,1716,NULL,NULL,NULL,0,0);
INSERT INTO ClassSchedule VALUES(1728,'WOD','CROSSFIT',1746714600000,60,'Karl Sasi',14,'Must saal',1,6,10,1716,NULL,NULL,NULL,0,0);
INSERT INTO ClassSchedule VALUES(1729,'WOD','CROSSFIT',1747319400000,60,'Karl Sasi',14,'Must saal',1,6,10,1716,NULL,NULL,NULL,0,0);
INSERT INTO ClassSchedule VALUES(1730,'WOD','CROSSFIT',1747924200000,60,'Karl Sasi',14,'Must saal',1,6,10,1716,NULL,NULL,NULL,0,0);
INSERT INTO ClassSchedule VALUES(1731,'WOD','CROSSFIT',1748529000000,60,'Karl Sasi',14,'Must saal',1,6,10,1716,NULL,NULL,NULL,0,0);
INSERT INTO ClassSchedule VALUES(1732,'WOD','CROSSFIT',1749133800000,60,'Karl Sasi',14,'Must saal',1,6,10,1716,NULL,NULL,NULL,0,0);
INSERT INTO ClassSchedule VALUES(1733,'WOD','CROSSFIT',1749738600000,60,'Karl Sasi',14,'Must saal',1,6,10,1716,NULL,NULL,NULL,0,0);
INSERT INTO ClassSchedule VALUES(1734,'WOD','CROSSFIT',1750343400000,60,'Karl Sasi',14,'Must saal',1,6,10,1716,NULL,NULL,NULL,0,0);
INSERT INTO ClassSchedule VALUES(1735,'WOD','CROSSFIT',1750948200000,60,'Karl Sasi',14,'Must saal',1,6,10,1716,NULL,NULL,NULL,0,0);
INSERT INTO ClassSchedule VALUES(1736,'WOD','CROSSFIT',1751553000000,60,'Karl Sasi',14,'Must saal',1,6,10,1716,NULL,NULL,NULL,0,0);
INSERT INTO ClassSchedule VALUES(1737,'WOD','CROSSFIT',1752157800000,60,'Karl Sasi',14,'Must saal',1,6,10,1716,NULL,NULL,NULL,0,0);
INSERT INTO ClassSchedule VALUES(1738,'WOD','CROSSFIT',1752762600000,60,'Karl Sasi',14,'Must saal',1,6,10,1716,NULL,NULL,NULL,0,0);
INSERT INTO ClassSchedule VALUES(1739,'WOD','CROSSFIT',1753367400000,60,'Karl Sasi',14,'Must saal',1,6,10,1716,NULL,NULL,NULL,0,0);
INSERT INTO ClassSchedule VALUES(1740,'WOD','CROSSFIT',1753972200000,60,'Karl Sasi',14,'Must saal',1,6,10,1716,NULL,NULL,NULL,0,0);
INSERT INTO ClassSchedule VALUES(1741,'WOD','CROSSFIT',1754577000000,60,'Karl Sasi',14,'Must saal',1,6,10,1716,NULL,NULL,NULL,0,0);
INSERT INTO ClassSchedule VALUES(1742,'WOD','CROSSFIT',1755181800000,60,'Karl Sasi',14,'Must saal',1,6,10,1716,NULL,NULL,NULL,0,0);
INSERT INTO ClassSchedule VALUES(1743,'WOD','CROSSFIT',1755786600000,60,'Karl Sasi',14,'Must saal',1,6,10,1716,NULL,NULL,NULL,0,0);
INSERT INTO ClassSchedule VALUES(1744,'WOD','CROSSFIT',1756391400000,60,'Karl Sasi',14,'Must saal',1,6,10,1716,NULL,NULL,NULL,0,0);
INSERT INTO ClassSchedule VALUES(1745,'WOD','CROSSFIT',1756996200000,60,'Karl Sasi',14,'Must saal',1,6,10,1716,NULL,NULL,NULL,0,0);
INSERT INTO ClassSchedule VALUES(1746,'WOD','CROSSFIT',1757601000000,60,'Karl Sasi',14,'Must saal',1,6,10,1716,NULL,NULL,NULL,0,0);
INSERT INTO ClassSchedule VALUES(1747,'WOD','CROSSFIT',1758205800000,60,'Karl Sasi',14,'Must saal',1,6,10,1716,NULL,NULL,NULL,0,0);
INSERT INTO ClassSchedule VALUES(1748,'WOD','CROSSFIT',1758810600000,60,'Karl Sasi',14,'Must saal',1,6,10,1716,NULL,NULL,NULL,0,0);
INSERT INTO ClassSchedule VALUES(1749,'WOD','CROSSFIT',1759415400000,60,'Karl Sasi',14,'Must saal',1,6,10,1716,NULL,NULL,NULL,0,0);
INSERT INTO ClassSchedule VALUES(1750,'WOD','CROSSFIT',1760020200000,60,'Karl Sasi',14,'Must saal',1,6,10,1716,NULL,NULL,NULL,0,0);
INSERT INTO ClassSchedule VALUES(1751,'WOD','CROSSFIT',1760625000000,60,'Karl Sasi',14,'Must saal',1,6,10,1716,NULL,NULL,NULL,0,0);
INSERT INTO ClassSchedule VALUES(1752,'WOD','CROSSFIT',1761229800000,60,'Karl Sasi',14,'Must saal',1,6,10,1716,NULL,NULL,NULL,0,0);
INSERT INTO ClassSchedule VALUES(1753,'WOD','CROSSFIT',1761838200000,60,'Karl Sasi',14,'Must saal',1,6,10,1716,NULL,NULL,NULL,0,0);
INSERT INTO ClassSchedule VALUES(1754,'WOD','CROSSFIT',1762443000000,60,'Karl Sasi',14,'Must saal',1,6,10,1716,NULL,NULL,NULL,0,0);
INSERT INTO ClassSchedule VALUES(1755,'WOD','CROSSFIT',1763047800000,60,'Karl Sasi',14,'Must saal',1,6,10,1716,NULL,NULL,NULL,0,0);
INSERT INTO ClassSchedule VALUES(1756,'WOD','CROSSFIT',1763652600000,60,'Karl Sasi',14,'Must saal',1,6,10,1716,NULL,NULL,NULL,0,0);
INSERT INTO ClassSchedule VALUES(1757,'WOD','CROSSFIT',1764257400000,60,'Karl Sasi',14,'Must saal',1,6,10,1716,NULL,NULL,NULL,0,0);
INSERT INTO ClassSchedule VALUES(1758,'WOD','CROSSFIT',1764862200000,60,'Karl Sasi',14,'Must saal',1,6,10,1716,NULL,NULL,NULL,0,0);
INSERT INTO ClassSchedule VALUES(1759,'WOD','CROSSFIT',1765467000000,60,'Karl Sasi',14,'Must saal',1,6,10,1716,NULL,NULL,NULL,0,0);
INSERT INTO ClassSchedule VALUES(1760,'WOD','CROSSFIT',1766071800000,60,'Karl Sasi',14,'Must saal',1,6,10,1716,NULL,NULL,NULL,0,0);
INSERT INTO ClassSchedule VALUES(1761,'WOD','CROSSFIT',1766676600000,60,'Karl Sasi',14,'Must saal',1,6,10,1716,NULL,NULL,NULL,0,0);
INSERT INTO ClassSchedule VALUES(1762,'WOD','CROSSFIT',1767281400000,60,'Karl Sasi',14,'Must saal',1,6,10,1716,NULL,NULL,NULL,0,0);
INSERT INTO ClassSchedule VALUES(1763,'WOD','CROSSFIT',1767886200000,60,'Karl Sasi',14,'Must saal',1,6,10,1716,NULL,NULL,NULL,0,0);
INSERT INTO ClassSchedule VALUES(1764,'WOD','CROSSFIT',1768491000000,60,'Karl Sasi',14,'Must saal',1,6,10,1716,NULL,NULL,NULL,0,0);
INSERT INTO ClassSchedule VALUES(1765,'WOD','CROSSFIT',1769095800000,60,'Karl Sasi',14,'Must saal',1,6,10,1716,NULL,NULL,NULL,0,0);
INSERT INTO ClassSchedule VALUES(1766,'WOD','CROSSFIT',1769700600000,60,'Karl Sasi',14,'Must saal',1,6,10,1716,NULL,NULL,NULL,0,0);
INSERT INTO ClassSchedule VALUES(1767,'WOD','CROSSFIT',1770305400000,60,'Karl Sasi',14,'Must saal',1,6,10,1716,NULL,NULL,NULL,0,0);
INSERT INTO ClassSchedule VALUES(1768,'WOD','CROSSFIT',1770910200000,60,'Karl Sasi',14,'Must saal',1,6,10,1716,NULL,NULL,NULL,0,0);
INSERT INTO ClassSchedule VALUES(1769,'WOD','CROSSFIT',1739464200000,60,'Karl Sasi',14,'Must saal',1,6,10,NULL,'','EMOM',replace('Every 2:00 for 10 rounds for load:\n10 box jumps (51/61 cm)\n3 hang squat cleans\n– Step down from the box.\nScore: Load','\n',char(10)),0,0);
INSERT INTO ClassSchedule VALUES(1770,'WOD','CROSSFIT',1740069000000,60,'Karl Sasi',14,'Must saal',1,6,10,1769,NULL,NULL,NULL,0,0);
INSERT INTO ClassSchedule VALUES(1771,'WOD','CROSSFIT',1740673800000,60,'Karl Sasi',14,'Must saal',1,6,10,1769,NULL,NULL,NULL,0,0);
INSERT INTO ClassSchedule VALUES(1772,'WOD','CROSSFIT',1741278600000,60,'Karl Sasi',14,'Must saal',1,6,10,1769,NULL,NULL,NULL,0,0);
INSERT INTO ClassSchedule VALUES(1773,'WOD','CROSSFIT',1741883400000,60,'Karl Sasi',14,'Must saal',1,6,10,1769,NULL,NULL,NULL,0,0);
INSERT INTO ClassSchedule VALUES(1774,'WOD','CROSSFIT',1742488200000,60,'Karl Sasi',14,'Must saal',1,6,10,1769,NULL,NULL,NULL,0,0);
INSERT INTO ClassSchedule VALUES(1775,'WOD','CROSSFIT',1743093000000,60,'Karl Sasi',14,'Must saal',1,6,10,1769,NULL,NULL,NULL,0,0);
INSERT INTO ClassSchedule VALUES(1776,'WOD','CROSSFIT',1743694200000,60,'Karl Sasi',14,'Must saal',1,6,10,1769,NULL,NULL,NULL,0,0);
INSERT INTO ClassSchedule VALUES(1777,'WOD','CROSSFIT',1744299000000,60,'Karl Sasi',14,'Must saal',1,6,10,1769,NULL,NULL,NULL,0,0);
INSERT INTO ClassSchedule VALUES(1778,'WOD','CROSSFIT',1744903800000,60,'Karl Sasi',14,'Must saal',1,6,10,1769,NULL,NULL,NULL,0,0);
INSERT INTO ClassSchedule VALUES(1779,'WOD','CROSSFIT',1745508600000,60,'Karl Sasi',14,'Must saal',1,6,10,1769,NULL,NULL,NULL,0,0);
INSERT INTO ClassSchedule VALUES(1780,'WOD','CROSSFIT',1746113400000,60,'Karl Sasi',14,'Must saal',1,6,10,1769,NULL,NULL,NULL,0,0);
INSERT INTO ClassSchedule VALUES(1781,'WOD','CROSSFIT',1746718200000,60,'Karl Sasi',14,'Must saal',1,6,10,1769,NULL,NULL,NULL,0,0);
INSERT INTO ClassSchedule VALUES(1782,'WOD','CROSSFIT',1747323000000,60,'Karl Sasi',14,'Must saal',1,6,10,1769,NULL,NULL,NULL,0,0);
INSERT INTO ClassSchedule VALUES(1783,'WOD','CROSSFIT',1747927800000,60,'Karl Sasi',14,'Must saal',1,6,10,1769,NULL,NULL,NULL,0,0);
INSERT INTO ClassSchedule VALUES(1784,'WOD','CROSSFIT',1748532600000,60,'Karl Sasi',14,'Must saal',1,6,10,1769,NULL,NULL,NULL,0,0);
INSERT INTO ClassSchedule VALUES(1785,'WOD','CROSSFIT',1749137400000,60,'Karl Sasi',14,'Must saal',1,6,10,1769,NULL,NULL,NULL,0,0);
INSERT INTO ClassSchedule VALUES(1786,'WOD','CROSSFIT',1749742200000,60,'Karl Sasi',14,'Must saal',1,6,10,1769,NULL,NULL,NULL,0,0);
INSERT INTO ClassSchedule VALUES(1787,'WOD','CROSSFIT',1750347000000,60,'Karl Sasi',14,'Must saal',1,6,10,1769,NULL,NULL,NULL,0,0);
INSERT INTO ClassSchedule VALUES(1788,'WOD','CROSSFIT',1750951800000,60,'Karl Sasi',14,'Must saal',1,6,10,1769,NULL,NULL,NULL,0,0);
INSERT INTO ClassSchedule VALUES(1789,'WOD','CROSSFIT',1751556600000,60,'Karl Sasi',14,'Must saal',1,6,10,1769,NULL,NULL,NULL,0,0);
INSERT INTO ClassSchedule VALUES(1790,'WOD','CROSSFIT',1752161400000,60,'Karl Sasi',14,'Must saal',1,6,10,1769,NULL,NULL,NULL,0,0);
INSERT INTO ClassSchedule VALUES(1791,'WOD','CROSSFIT',1752766200000,60,'Karl Sasi',14,'Must saal',1,6,10,1769,NULL,NULL,NULL,0,0);
INSERT INTO ClassSchedule VALUES(1792,'WOD','CROSSFIT',1753371000000,60,'Karl Sasi',14,'Must saal',1,6,10,1769,NULL,NULL,NULL,0,0);
INSERT INTO ClassSchedule VALUES(1793,'WOD','CROSSFIT',1753975800000,60,'Karl Sasi',14,'Must saal',1,6,10,1769,NULL,NULL,NULL,0,0);
INSERT INTO ClassSchedule VALUES(1794,'WOD','CROSSFIT',1754580600000,60,'Karl Sasi',14,'Must saal',1,6,10,1769,NULL,NULL,NULL,0,0);
INSERT INTO ClassSchedule VALUES(1795,'WOD','CROSSFIT',1755185400000,60,'Karl Sasi',14,'Must saal',1,6,10,1769,NULL,NULL,NULL,0,0);
INSERT INTO ClassSchedule VALUES(1796,'WOD','CROSSFIT',1755790200000,60,'Karl Sasi',14,'Must saal',1,6,10,1769,NULL,NULL,NULL,0,0);
INSERT INTO ClassSchedule VALUES(1797,'WOD','CROSSFIT',1756395000000,60,'Karl Sasi',14,'Must saal',1,6,10,1769,NULL,NULL,NULL,0,0);
INSERT INTO ClassSchedule VALUES(1798,'WOD','CROSSFIT',1756999800000,60,'Karl Sasi',14,'Must saal',1,6,10,1769,NULL,NULL,NULL,0,0);
INSERT INTO ClassSchedule VALUES(1799,'WOD','CROSSFIT',1757604600000,60,'Karl Sasi',14,'Must saal',1,6,10,1769,NULL,NULL,NULL,0,0);
INSERT INTO ClassSchedule VALUES(1800,'WOD','CROSSFIT',1758209400000,60,'Karl Sasi',14,'Must saal',1,6,10,1769,NULL,NULL,NULL,0,0);
INSERT INTO ClassSchedule VALUES(1801,'WOD','CROSSFIT',1758814200000,60,'Karl Sasi',14,'Must saal',1,6,10,1769,NULL,NULL,NULL,0,0);
INSERT INTO ClassSchedule VALUES(1802,'WOD','CROSSFIT',1759419000000,60,'Karl Sasi',14,'Must saal',1,6,10,1769,NULL,NULL,NULL,0,0);
INSERT INTO ClassSchedule VALUES(1803,'WOD','CROSSFIT',1760023800000,60,'Karl Sasi',14,'Must saal',1,6,10,1769,NULL,NULL,NULL,0,0);
INSERT INTO ClassSchedule VALUES(1804,'WOD','CROSSFIT',1760628600000,60,'Karl Sasi',14,'Must saal',1,6,10,1769,NULL,NULL,NULL,0,0);
INSERT INTO ClassSchedule VALUES(1805,'WOD','CROSSFIT',1761233400000,60,'Karl Sasi',14,'Must saal',1,6,10,1769,NULL,NULL,NULL,0,0);
INSERT INTO ClassSchedule VALUES(1806,'WOD','CROSSFIT',1761841800000,60,'Karl Sasi',14,'Must saal',1,6,10,1769,NULL,NULL,NULL,0,0);
INSERT INTO ClassSchedule VALUES(1807,'WOD','CROSSFIT',1762446600000,60,'Karl Sasi',14,'Must saal',1,6,10,1769,NULL,NULL,NULL,0,0);
INSERT INTO ClassSchedule VALUES(1808,'WOD','CROSSFIT',1763051400000,60,'Karl Sasi',14,'Must saal',1,6,10,1769,NULL,NULL,NULL,0,0);
INSERT INTO ClassSchedule VALUES(1809,'WOD','CROSSFIT',1763656200000,60,'Karl Sasi',14,'Must saal',1,6,10,1769,NULL,NULL,NULL,0,0);
INSERT INTO ClassSchedule VALUES(1810,'WOD','CROSSFIT',1764261000000,60,'Karl Sasi',14,'Must saal',1,6,10,1769,NULL,NULL,NULL,0,0);
INSERT INTO ClassSchedule VALUES(1811,'WOD','CROSSFIT',1764865800000,60,'Karl Sasi',14,'Must saal',1,6,10,1769,NULL,NULL,NULL,0,0);
INSERT INTO ClassSchedule VALUES(1812,'WOD','CROSSFIT',1765470600000,60,'Karl Sasi',14,'Must saal',1,6,10,1769,NULL,NULL,NULL,0,0);
INSERT INTO ClassSchedule VALUES(1813,'WOD','CROSSFIT',1766075400000,60,'Karl Sasi',14,'Must saal',1,6,10,1769,NULL,NULL,NULL,0,0);
INSERT INTO ClassSchedule VALUES(1814,'WOD','CROSSFIT',1766680200000,60,'Karl Sasi',14,'Must saal',1,6,10,1769,NULL,NULL,NULL,0,0);
INSERT INTO ClassSchedule VALUES(1815,'WOD','CROSSFIT',1767285000000,60,'Karl Sasi',14,'Must saal',1,6,10,1769,NULL,NULL,NULL,0,0);
INSERT INTO ClassSchedule VALUES(1816,'WOD','CROSSFIT',1767889800000,60,'Karl Sasi',14,'Must saal',1,6,10,1769,NULL,NULL,NULL,0,0);
INSERT INTO ClassSchedule VALUES(1817,'WOD','CROSSFIT',1768494600000,60,'Karl Sasi',14,'Must saal',1,6,10,1769,NULL,NULL,NULL,0,0);
INSERT INTO ClassSchedule VALUES(1818,'WOD','CROSSFIT',1769099400000,60,'Karl Sasi',14,'Must saal',1,6,10,1769,NULL,NULL,NULL,0,0);
INSERT INTO ClassSchedule VALUES(1819,'WOD','CROSSFIT',1769704200000,60,'Karl Sasi',14,'Must saal',1,6,10,1769,NULL,NULL,NULL,0,0);
INSERT INTO ClassSchedule VALUES(1820,'WOD','CROSSFIT',1770309000000,60,'Karl Sasi',14,'Must saal',1,6,10,1769,NULL,NULL,NULL,0,0);
INSERT INTO ClassSchedule VALUES(1821,'WOD','CROSSFIT',1770913800000,60,'Karl Sasi',14,'Must saal',1,6,10,1769,NULL,NULL,NULL,0,0);
INSERT INTO ClassSchedule VALUES(1822,'Other','Open Gym',1739437200000,120,'Karl Sasi',10,'',1,6,10,NULL,'','For Time',NULL,0,0);
INSERT INTO ClassSchedule VALUES(1823,'Other','Open Gym',1740042000000,120,'Karl Sasi',10,'',1,6,10,1822,NULL,NULL,NULL,0,0);
INSERT INTO ClassSchedule VALUES(1824,'Other','Open Gym',1740646800000,120,'Karl Sasi',10,'',1,6,10,1822,NULL,NULL,NULL,0,0);
INSERT INTO ClassSchedule VALUES(1825,'Other','Open Gym',1741251600000,120,'Karl Sasi',10,'',1,6,10,1822,NULL,NULL,NULL,0,0);
INSERT INTO ClassSchedule VALUES(1826,'Other','Open Gym',1741856400000,120,'Karl Sasi',10,'',1,6,10,1822,NULL,NULL,NULL,0,0);
INSERT INTO ClassSchedule VALUES(1827,'Other','Open Gym',1742461200000,120,'Karl Sasi',10,'',1,6,10,1822,NULL,NULL,NULL,0,0);
INSERT INTO ClassSchedule VALUES(1828,'Other','Open Gym',1743066000000,120,'Karl Sasi',10,'',1,6,10,1822,NULL,NULL,NULL,0,0);
INSERT INTO ClassSchedule VALUES(1829,'Other','Open Gym',1743667200000,120,'Karl Sasi',10,'',1,6,10,1822,NULL,NULL,NULL,0,0);
INSERT INTO ClassSchedule VALUES(1830,'Other','Open Gym',1744272000000,120,'Karl Sasi',10,'',1,6,10,1822,NULL,NULL,NULL,0,0);
INSERT INTO ClassSchedule VALUES(1831,'Other','Open Gym',1744876800000,120,'Karl Sasi',10,'',1,6,10,1822,NULL,NULL,NULL,0,0);
INSERT INTO ClassSchedule VALUES(1832,'Other','Open Gym',1745481600000,120,'Karl Sasi',10,'',1,6,10,1822,NULL,NULL,NULL,0,0);
INSERT INTO ClassSchedule VALUES(1833,'Other','Open Gym',1746086400000,120,'Karl Sasi',10,'',1,6,10,1822,NULL,NULL,NULL,0,0);
INSERT INTO ClassSchedule VALUES(1834,'Other','Open Gym',1746691200000,120,'Karl Sasi',10,'',1,6,10,1822,NULL,NULL,NULL,0,0);
INSERT INTO ClassSchedule VALUES(1835,'Other','Open Gym',1747296000000,120,'Karl Sasi',10,'',1,6,10,1822,NULL,NULL,NULL,0,0);
INSERT INTO ClassSchedule VALUES(1836,'Other','Open Gym',1747900800000,120,'Karl Sasi',10,'',1,6,10,1822,NULL,NULL,NULL,0,0);
INSERT INTO ClassSchedule VALUES(1837,'Other','Open Gym',1748505600000,120,'Karl Sasi',10,'',1,6,10,1822,NULL,NULL,NULL,0,0);
INSERT INTO ClassSchedule VALUES(1838,'Other','Open Gym',1749110400000,120,'Karl Sasi',10,'',1,6,10,1822,NULL,NULL,NULL,0,0);
INSERT INTO ClassSchedule VALUES(1839,'Other','Open Gym',1749715200000,120,'Karl Sasi',10,'',1,6,10,1822,NULL,NULL,NULL,0,0);
INSERT INTO ClassSchedule VALUES(1840,'Other','Open Gym',1750320000000,120,'Karl Sasi',10,'',1,6,10,1822,NULL,NULL,NULL,0,0);
INSERT INTO ClassSchedule VALUES(1841,'Other','Open Gym',1750924800000,120,'Karl Sasi',10,'',1,6,10,1822,NULL,NULL,NULL,0,0);
INSERT INTO ClassSchedule VALUES(1842,'Other','Open Gym',1751529600000,120,'Karl Sasi',10,'',1,6,10,1822,NULL,NULL,NULL,0,0);
INSERT INTO ClassSchedule VALUES(1843,'Other','Open Gym',1752134400000,120,'Karl Sasi',10,'',1,6,10,1822,NULL,NULL,NULL,0,0);
INSERT INTO ClassSchedule VALUES(1844,'Other','Open Gym',1752739200000,120,'Karl Sasi',10,'',1,6,10,1822,NULL,NULL,NULL,0,0);
INSERT INTO ClassSchedule VALUES(1845,'Other','Open Gym',1753344000000,120,'Karl Sasi',10,'',1,6,10,1822,NULL,NULL,NULL,0,0);
INSERT INTO ClassSchedule VALUES(1846,'Other','Open Gym',1753948800000,120,'Karl Sasi',10,'',1,6,10,1822,NULL,NULL,NULL,0,0);
INSERT INTO ClassSchedule VALUES(1847,'Other','Open Gym',1754553600000,120,'Karl Sasi',10,'',1,6,10,1822,NULL,NULL,NULL,0,0);
INSERT INTO ClassSchedule VALUES(1848,'Other','Open Gym',1755158400000,120,'Karl Sasi',10,'',1,6,10,1822,NULL,NULL,NULL,0,0);
INSERT INTO ClassSchedule VALUES(1849,'Other','Open Gym',1755763200000,120,'Karl Sasi',10,'',1,6,10,1822,NULL,NULL,NULL,0,0);
INSERT INTO ClassSchedule VALUES(1850,'Other','Open Gym',1756368000000,120,'Karl Sasi',10,'',1,6,10,1822,NULL,NULL,NULL,0,0);
INSERT INTO ClassSchedule VALUES(1851,'Other','Open Gym',1756972800000,120,'Karl Sasi',10,'',1,6,10,1822,NULL,NULL,NULL,0,0);
INSERT INTO ClassSchedule VALUES(1852,'Other','Open Gym',1757577600000,120,'Karl Sasi',10,'',1,6,10,1822,NULL,NULL,NULL,0,0);
INSERT INTO ClassSchedule VALUES(1853,'Other','Open Gym',1758182400000,120,'Karl Sasi',10,'',1,6,10,1822,NULL,NULL,NULL,0,0);
INSERT INTO ClassSchedule VALUES(1854,'Other','Open Gym',1758787200000,120,'Karl Sasi',10,'',1,6,10,1822,NULL,NULL,NULL,0,0);
INSERT INTO ClassSchedule VALUES(1855,'Other','Open Gym',1759392000000,120,'Karl Sasi',10,'',1,6,10,1822,NULL,NULL,NULL,0,0);
INSERT INTO ClassSchedule VALUES(1856,'Other','Open Gym',1759996800000,120,'Karl Sasi',10,'',1,6,10,1822,NULL,NULL,NULL,0,0);
INSERT INTO ClassSchedule VALUES(1857,'Other','Open Gym',1760601600000,120,'Karl Sasi',10,'',1,6,10,1822,NULL,NULL,NULL,0,0);
INSERT INTO ClassSchedule VALUES(1858,'Other','Open Gym',1761206400000,120,'Karl Sasi',10,'',1,6,10,1822,NULL,NULL,NULL,0,0);
INSERT INTO ClassSchedule VALUES(1859,'Other','Open Gym',1761814800000,120,'Karl Sasi',10,'',1,6,10,1822,NULL,NULL,NULL,0,0);
INSERT INTO ClassSchedule VALUES(1860,'Other','Open Gym',1762419600000,120,'Karl Sasi',10,'',1,6,10,1822,NULL,NULL,NULL,0,0);
INSERT INTO ClassSchedule VALUES(1861,'Other','Open Gym',1763024400000,120,'Karl Sasi',10,'',1,6,10,1822,NULL,NULL,NULL,0,0);
INSERT INTO ClassSchedule VALUES(1862,'Other','Open Gym',1763629200000,120,'Karl Sasi',10,'',1,6,10,1822,NULL,NULL,NULL,0,0);
INSERT INTO ClassSchedule VALUES(1863,'Other','Open Gym',1764234000000,120,'Karl Sasi',10,'',1,6,10,1822,NULL,NULL,NULL,0,0);
INSERT INTO ClassSchedule VALUES(1864,'Other','Open Gym',1764838800000,120,'Karl Sasi',10,'',1,6,10,1822,NULL,NULL,NULL,0,0);
INSERT INTO ClassSchedule VALUES(1865,'Other','Open Gym',1765443600000,120,'Karl Sasi',10,'',1,6,10,1822,NULL,NULL,NULL,0,0);
INSERT INTO ClassSchedule VALUES(1866,'Other','Open Gym',1766048400000,120,'Karl Sasi',10,'',1,6,10,1822,NULL,NULL,NULL,0,0);
INSERT INTO ClassSchedule VALUES(1867,'Other','Open Gym',1766653200000,120,'Karl Sasi',10,'',1,6,10,1822,NULL,NULL,NULL,0,0);
INSERT INTO ClassSchedule VALUES(1868,'Other','Open Gym',1767258000000,120,'Karl Sasi',10,'',1,6,10,1822,NULL,NULL,NULL,0,0);
INSERT INTO ClassSchedule VALUES(1869,'Other','Open Gym',1767862800000,120,'Karl Sasi',10,'',1,6,10,1822,NULL,NULL,NULL,0,0);
INSERT INTO ClassSchedule VALUES(1870,'Other','Open Gym',1768467600000,120,'Karl Sasi',10,'',1,6,10,1822,NULL,NULL,NULL,0,0);
INSERT INTO ClassSchedule VALUES(1871,'Other','Open Gym',1769072400000,120,'Karl Sasi',10,'',1,6,10,1822,NULL,NULL,NULL,0,0);
INSERT INTO ClassSchedule VALUES(1872,'Other','Open Gym',1769677200000,120,'Karl Sasi',10,'',1,6,10,1822,NULL,NULL,NULL,0,0);
INSERT INTO ClassSchedule VALUES(1873,'Other','Open Gym',1770282000000,120,'Karl Sasi',10,'',1,6,10,1822,NULL,NULL,NULL,0,0);
INSERT INTO ClassSchedule VALUES(1874,'Other','Open Gym',1770886800000,120,'Karl Sasi',10,'',1,6,10,1822,NULL,NULL,NULL,0,0);
INSERT INTO ClassSchedule VALUES(1875,'Other','Open Gym',1739444400000,120,'Karl Sasi',10,'',1,6,10,NULL,'','For Time',NULL,0,0);
INSERT INTO ClassSchedule VALUES(1876,'Other','Open Gym',1740049200000,120,'Karl Sasi',10,'',1,6,10,1875,NULL,NULL,NULL,0,0);
INSERT INTO ClassSchedule VALUES(1877,'Other','Open Gym',1740654000000,120,'Karl Sasi',10,'',1,6,10,1875,NULL,NULL,NULL,0,0);
INSERT INTO ClassSchedule VALUES(1878,'Other','Open Gym',1741258800000,120,'Karl Sasi',10,'',1,6,10,1875,NULL,NULL,NULL,0,0);
INSERT INTO ClassSchedule VALUES(1879,'Other','Open Gym',1741863600000,120,'Karl Sasi',10,'',1,6,10,1875,NULL,NULL,NULL,0,0);
INSERT INTO ClassSchedule VALUES(1880,'Other','Open Gym',1742468400000,120,'Karl Sasi',10,'',1,6,10,1875,NULL,NULL,NULL,0,0);
INSERT INTO ClassSchedule VALUES(1881,'Other','Open Gym',1743073200000,120,'Karl Sasi',10,'',1,6,10,1875,NULL,NULL,NULL,0,0);
INSERT INTO ClassSchedule VALUES(1882,'Other','Open Gym',1743674400000,120,'Karl Sasi',10,'',1,6,10,1875,NULL,NULL,NULL,0,0);
INSERT INTO ClassSchedule VALUES(1883,'Other','Open Gym',1744279200000,120,'Karl Sasi',10,'',1,6,10,1875,NULL,NULL,NULL,0,0);
INSERT INTO ClassSchedule VALUES(1884,'Other','Open Gym',1744884000000,120,'Karl Sasi',10,'',1,6,10,1875,NULL,NULL,NULL,0,0);
INSERT INTO ClassSchedule VALUES(1885,'Other','Open Gym',1745488800000,120,'Karl Sasi',10,'',1,6,10,1875,NULL,NULL,NULL,0,0);
INSERT INTO ClassSchedule VALUES(1886,'Other','Open Gym',1746093600000,120,'Karl Sasi',10,'',1,6,10,1875,NULL,NULL,NULL,0,0);
INSERT INTO ClassSchedule VALUES(1887,'Other','Open Gym',1746698400000,120,'Karl Sasi',10,'',1,6,10,1875,NULL,NULL,NULL,0,0);
INSERT INTO ClassSchedule VALUES(1888,'Other','Open Gym',1747303200000,120,'Karl Sasi',10,'',1,6,10,1875,NULL,NULL,NULL,0,0);
INSERT INTO ClassSchedule VALUES(1889,'Other','Open Gym',1747908000000,120,'Karl Sasi',10,'',1,6,10,1875,NULL,NULL,NULL,0,0);
INSERT INTO ClassSchedule VALUES(1890,'Other','Open Gym',1748512800000,120,'Karl Sasi',10,'',1,6,10,1875,NULL,NULL,NULL,0,0);
INSERT INTO ClassSchedule VALUES(1891,'Other','Open Gym',1749117600000,120,'Karl Sasi',10,'',1,6,10,1875,NULL,NULL,NULL,0,0);
INSERT INTO ClassSchedule VALUES(1892,'Other','Open Gym',1749722400000,120,'Karl Sasi',10,'',1,6,10,1875,NULL,NULL,NULL,0,0);
INSERT INTO ClassSchedule VALUES(1893,'Other','Open Gym',1750327200000,120,'Karl Sasi',10,'',1,6,10,1875,NULL,NULL,NULL,0,0);
INSERT INTO ClassSchedule VALUES(1894,'Other','Open Gym',1750932000000,120,'Karl Sasi',10,'',1,6,10,1875,NULL,NULL,NULL,0,0);
INSERT INTO ClassSchedule VALUES(1895,'Other','Open Gym',1751536800000,120,'Karl Sasi',10,'',1,6,10,1875,NULL,NULL,NULL,0,0);
INSERT INTO ClassSchedule VALUES(1896,'Other','Open Gym',1752141600000,120,'Karl Sasi',10,'',1,6,10,1875,NULL,NULL,NULL,0,0);
INSERT INTO ClassSchedule VALUES(1897,'Other','Open Gym',1752746400000,120,'Karl Sasi',10,'',1,6,10,1875,NULL,NULL,NULL,0,0);
INSERT INTO ClassSchedule VALUES(1898,'Other','Open Gym',1753351200000,120,'Karl Sasi',10,'',1,6,10,1875,NULL,NULL,NULL,0,0);
INSERT INTO ClassSchedule VALUES(1899,'Other','Open Gym',1753956000000,120,'Karl Sasi',10,'',1,6,10,1875,NULL,NULL,NULL,0,0);
INSERT INTO ClassSchedule VALUES(1900,'Other','Open Gym',1754560800000,120,'Karl Sasi',10,'',1,6,10,1875,NULL,NULL,NULL,0,0);
INSERT INTO ClassSchedule VALUES(1901,'Other','Open Gym',1755165600000,120,'Karl Sasi',10,'',1,6,10,1875,NULL,NULL,NULL,0,0);
INSERT INTO ClassSchedule VALUES(1902,'Other','Open Gym',1755770400000,120,'Karl Sasi',10,'',1,6,10,1875,NULL,NULL,NULL,0,0);
INSERT INTO ClassSchedule VALUES(1903,'Other','Open Gym',1756375200000,120,'Karl Sasi',10,'',1,6,10,1875,NULL,NULL,NULL,0,0);
INSERT INTO ClassSchedule VALUES(1904,'Other','Open Gym',1756980000000,120,'Karl Sasi',10,'',1,6,10,1875,NULL,NULL,NULL,0,0);
INSERT INTO ClassSchedule VALUES(1905,'Other','Open Gym',1757584800000,120,'Karl Sasi',10,'',1,6,10,1875,NULL,NULL,NULL,0,0);
INSERT INTO ClassSchedule VALUES(1906,'Other','Open Gym',1758189600000,120,'Karl Sasi',10,'',1,6,10,1875,NULL,NULL,NULL,0,0);
INSERT INTO ClassSchedule VALUES(1907,'Other','Open Gym',1758794400000,120,'Karl Sasi',10,'',1,6,10,1875,NULL,NULL,NULL,0,0);
INSERT INTO ClassSchedule VALUES(1908,'Other','Open Gym',1759399200000,120,'Karl Sasi',10,'',1,6,10,1875,NULL,NULL,NULL,0,0);
INSERT INTO ClassSchedule VALUES(1909,'Other','Open Gym',1760004000000,120,'Karl Sasi',10,'',1,6,10,1875,NULL,NULL,NULL,0,0);
INSERT INTO ClassSchedule VALUES(1910,'Other','Open Gym',1760608800000,120,'Karl Sasi',10,'',1,6,10,1875,NULL,NULL,NULL,0,0);
INSERT INTO ClassSchedule VALUES(1911,'Other','Open Gym',1761213600000,120,'Karl Sasi',10,'',1,6,10,1875,NULL,NULL,NULL,0,0);
INSERT INTO ClassSchedule VALUES(1912,'Other','Open Gym',1761822000000,120,'Karl Sasi',10,'',1,6,10,1875,NULL,NULL,NULL,0,0);
INSERT INTO ClassSchedule VALUES(1913,'Other','Open Gym',1762426800000,120,'Karl Sasi',10,'',1,6,10,1875,NULL,NULL,NULL,0,0);
INSERT INTO ClassSchedule VALUES(1914,'Other','Open Gym',1763031600000,120,'Karl Sasi',10,'',1,6,10,1875,NULL,NULL,NULL,0,0);
INSERT INTO ClassSchedule VALUES(1915,'Other','Open Gym',1763636400000,120,'Karl Sasi',10,'',1,6,10,1875,NULL,NULL,NULL,0,0);
INSERT INTO ClassSchedule VALUES(1916,'Other','Open Gym',1764241200000,120,'Karl Sasi',10,'',1,6,10,1875,NULL,NULL,NULL,0,0);
INSERT INTO ClassSchedule VALUES(1917,'Other','Open Gym',1764846000000,120,'Karl Sasi',10,'',1,6,10,1875,NULL,NULL,NULL,0,0);
INSERT INTO ClassSchedule VALUES(1918,'Other','Open Gym',1765450800000,120,'Karl Sasi',10,'',1,6,10,1875,NULL,NULL,NULL,0,0);
INSERT INTO ClassSchedule VALUES(1919,'Other','Open Gym',1766055600000,120,'Karl Sasi',10,'',1,6,10,1875,NULL,NULL,NULL,0,0);
INSERT INTO ClassSchedule VALUES(1920,'Other','Open Gym',1766660400000,120,'Karl Sasi',10,'',1,6,10,1875,NULL,NULL,NULL,0,0);
INSERT INTO ClassSchedule VALUES(1921,'Other','Open Gym',1767265200000,120,'Karl Sasi',10,'',1,6,10,1875,NULL,NULL,NULL,0,0);
INSERT INTO ClassSchedule VALUES(1922,'Other','Open Gym',1767870000000,120,'Karl Sasi',10,'',1,6,10,1875,NULL,NULL,NULL,0,0);
INSERT INTO ClassSchedule VALUES(1923,'Other','Open Gym',1768474800000,120,'Karl Sasi',10,'',1,6,10,1875,NULL,NULL,NULL,0,0);
INSERT INTO ClassSchedule VALUES(1924,'Other','Open Gym',1769079600000,120,'Karl Sasi',10,'',1,6,10,1875,NULL,NULL,NULL,0,0);
INSERT INTO ClassSchedule VALUES(1925,'Other','Open Gym',1769684400000,120,'Karl Sasi',10,'',1,6,10,1875,NULL,NULL,NULL,0,0);
INSERT INTO ClassSchedule VALUES(1926,'Other','Open Gym',1770289200000,120,'Karl Sasi',10,'',1,6,10,1875,NULL,NULL,NULL,0,0);
INSERT INTO ClassSchedule VALUES(1927,'Other','Open Gym',1770894000000,120,'Karl Sasi',10,'',1,6,10,1875,NULL,NULL,NULL,0,0);
INSERT INTO ClassSchedule VALUES(1928,'Other','Open Gym',1739451600000,120,'Karl Sasi',10,'',1,6,10,NULL,'','For Time',NULL,0,0);
INSERT INTO ClassSchedule VALUES(1929,'Other','Open Gym',1740056400000,120,'Karl Sasi',10,'',1,6,10,1928,NULL,NULL,NULL,0,0);
INSERT INTO ClassSchedule VALUES(1930,'Other','Open Gym',1740661200000,120,'Karl Sasi',10,'',1,6,10,1928,NULL,NULL,NULL,0,0);
INSERT INTO ClassSchedule VALUES(1931,'Other','Open Gym',1741266000000,120,'Karl Sasi',10,'',1,6,10,1928,NULL,NULL,NULL,0,0);
INSERT INTO ClassSchedule VALUES(1932,'Other','Open Gym',1741870800000,120,'Karl Sasi',10,'',1,6,10,1928,NULL,NULL,NULL,0,0);
INSERT INTO ClassSchedule VALUES(1933,'Other','Open Gym',1742475600000,120,'Karl Sasi',10,'',1,6,10,1928,NULL,NULL,NULL,0,0);
INSERT INTO ClassSchedule VALUES(1934,'Other','Open Gym',1743080400000,120,'Karl Sasi',10,'',1,6,10,1928,NULL,NULL,NULL,0,0);
INSERT INTO ClassSchedule VALUES(1935,'Other','Open Gym',1743681600000,120,'Karl Sasi',10,'',1,6,10,1928,NULL,NULL,NULL,0,0);
INSERT INTO ClassSchedule VALUES(1936,'Other','Open Gym',1744286400000,120,'Karl Sasi',10,'',1,6,10,1928,NULL,NULL,NULL,0,0);
INSERT INTO ClassSchedule VALUES(1937,'Other','Open Gym',1744891200000,120,'Karl Sasi',10,'',1,6,10,1928,NULL,NULL,NULL,0,0);
INSERT INTO ClassSchedule VALUES(1938,'Other','Open Gym',1745496000000,120,'Karl Sasi',10,'',1,6,10,1928,NULL,NULL,NULL,0,0);
INSERT INTO ClassSchedule VALUES(1939,'Other','Open Gym',1746100800000,120,'Karl Sasi',10,'',1,6,10,1928,NULL,NULL,NULL,0,0);
INSERT INTO ClassSchedule VALUES(1940,'Other','Open Gym',1746705600000,120,'Karl Sasi',10,'',1,6,10,1928,NULL,NULL,NULL,0,0);
INSERT INTO ClassSchedule VALUES(1941,'Other','Open Gym',1747310400000,120,'Karl Sasi',10,'',1,6,10,1928,NULL,NULL,NULL,0,0);
INSERT INTO ClassSchedule VALUES(1942,'Other','Open Gym',1747915200000,120,'Karl Sasi',10,'',1,6,10,1928,NULL,NULL,NULL,0,0);
INSERT INTO ClassSchedule VALUES(1943,'Other','Open Gym',1748520000000,120,'Karl Sasi',10,'',1,6,10,1928,NULL,NULL,NULL,0,0);
INSERT INTO ClassSchedule VALUES(1944,'Other','Open Gym',1749124800000,120,'Karl Sasi',10,'',1,6,10,1928,NULL,NULL,NULL,0,0);
INSERT INTO ClassSchedule VALUES(1945,'Other','Open Gym',1749729600000,120,'Karl Sasi',10,'',1,6,10,1928,NULL,NULL,NULL,0,0);
INSERT INTO ClassSchedule VALUES(1946,'Other','Open Gym',1750334400000,120,'Karl Sasi',10,'',1,6,10,1928,NULL,NULL,NULL,0,0);
INSERT INTO ClassSchedule VALUES(1947,'Other','Open Gym',1750939200000,120,'Karl Sasi',10,'',1,6,10,1928,NULL,NULL,NULL,0,0);
INSERT INTO ClassSchedule VALUES(1948,'Other','Open Gym',1751544000000,120,'Karl Sasi',10,'',1,6,10,1928,NULL,NULL,NULL,0,0);
INSERT INTO ClassSchedule VALUES(1949,'Other','Open Gym',1752148800000,120,'Karl Sasi',10,'',1,6,10,1928,NULL,NULL,NULL,0,0);
INSERT INTO ClassSchedule VALUES(1950,'Other','Open Gym',1752753600000,120,'Karl Sasi',10,'',1,6,10,1928,NULL,NULL,NULL,0,0);
INSERT INTO ClassSchedule VALUES(1951,'Other','Open Gym',1753358400000,120,'Karl Sasi',10,'',1,6,10,1928,NULL,NULL,NULL,0,0);
INSERT INTO ClassSchedule VALUES(1952,'Other','Open Gym',1753963200000,120,'Karl Sasi',10,'',1,6,10,1928,NULL,NULL,NULL,0,0);
INSERT INTO ClassSchedule VALUES(1953,'Other','Open Gym',1754568000000,120,'Karl Sasi',10,'',1,6,10,1928,NULL,NULL,NULL,0,0);
INSERT INTO ClassSchedule VALUES(1954,'Other','Open Gym',1755172800000,120,'Karl Sasi',10,'',1,6,10,1928,NULL,NULL,NULL,0,0);
INSERT INTO ClassSchedule VALUES(1955,'Other','Open Gym',1755777600000,120,'Karl Sasi',10,'',1,6,10,1928,NULL,NULL,NULL,0,0);
INSERT INTO ClassSchedule VALUES(1956,'Other','Open Gym',1756382400000,120,'Karl Sasi',10,'',1,6,10,1928,NULL,NULL,NULL,0,0);
INSERT INTO ClassSchedule VALUES(1957,'Other','Open Gym',1756987200000,120,'Karl Sasi',10,'',1,6,10,1928,NULL,NULL,NULL,0,0);
INSERT INTO ClassSchedule VALUES(1958,'Other','Open Gym',1757592000000,120,'Karl Sasi',10,'',1,6,10,1928,NULL,NULL,NULL,0,0);
INSERT INTO ClassSchedule VALUES(1959,'Other','Open Gym',1758196800000,120,'Karl Sasi',10,'',1,6,10,1928,NULL,NULL,NULL,0,0);
INSERT INTO ClassSchedule VALUES(1960,'Other','Open Gym',1758801600000,120,'Karl Sasi',10,'',1,6,10,1928,NULL,NULL,NULL,0,0);
INSERT INTO ClassSchedule VALUES(1961,'Other','Open Gym',1759406400000,120,'Karl Sasi',10,'',1,6,10,1928,NULL,NULL,NULL,0,0);
INSERT INTO ClassSchedule VALUES(1962,'Other','Open Gym',1760011200000,120,'Karl Sasi',10,'',1,6,10,1928,NULL,NULL,NULL,0,0);
INSERT INTO ClassSchedule VALUES(1963,'Other','Open Gym',1760616000000,120,'Karl Sasi',10,'',1,6,10,1928,NULL,NULL,NULL,0,0);
INSERT INTO ClassSchedule VALUES(1964,'Other','Open Gym',1761220800000,120,'Karl Sasi',10,'',1,6,10,1928,NULL,NULL,NULL,0,0);
INSERT INTO ClassSchedule VALUES(1965,'Other','Open Gym',1761829200000,120,'Karl Sasi',10,'',1,6,10,1928,NULL,NULL,NULL,0,0);
INSERT INTO ClassSchedule VALUES(1966,'Other','Open Gym',1762434000000,120,'Karl Sasi',10,'',1,6,10,1928,NULL,NULL,NULL,0,0);
INSERT INTO ClassSchedule VALUES(1967,'Other','Open Gym',1763038800000,120,'Karl Sasi',10,'',1,6,10,1928,NULL,NULL,NULL,0,0);
INSERT INTO ClassSchedule VALUES(1968,'Other','Open Gym',1763643600000,120,'Karl Sasi',10,'',1,6,10,1928,NULL,NULL,NULL,0,0);
INSERT INTO ClassSchedule VALUES(1969,'Other','Open Gym',1764248400000,120,'Karl Sasi',10,'',1,6,10,1928,NULL,NULL,NULL,0,0);
INSERT INTO ClassSchedule VALUES(1970,'Other','Open Gym',1764853200000,120,'Karl Sasi',10,'',1,6,10,1928,NULL,NULL,NULL,0,0);
INSERT INTO ClassSchedule VALUES(1971,'Other','Open Gym',1765458000000,120,'Karl Sasi',10,'',1,6,10,1928,NULL,NULL,NULL,0,0);
INSERT INTO ClassSchedule VALUES(1972,'Other','Open Gym',1766062800000,120,'Karl Sasi',10,'',1,6,10,1928,NULL,NULL,NULL,0,0);
INSERT INTO ClassSchedule VALUES(1973,'Other','Open Gym',1766667600000,120,'Karl Sasi',10,'',1,6,10,1928,NULL,NULL,NULL,0,0);
INSERT INTO ClassSchedule VALUES(1974,'Other','Open Gym',1767272400000,120,'Karl Sasi',10,'',1,6,10,1928,NULL,NULL,NULL,0,0);
INSERT INTO ClassSchedule VALUES(1975,'Other','Open Gym',1767877200000,120,'Karl Sasi',10,'',1,6,10,1928,NULL,NULL,NULL,0,0);
INSERT INTO ClassSchedule VALUES(1976,'Other','Open Gym',1768482000000,120,'Karl Sasi',10,'',1,6,10,1928,NULL,NULL,NULL,0,0);
INSERT INTO ClassSchedule VALUES(1977,'Other','Open Gym',1769086800000,120,'Karl Sasi',10,'',1,6,10,1928,NULL,NULL,NULL,0,0);
INSERT INTO ClassSchedule VALUES(1978,'Other','Open Gym',1769691600000,120,'Karl Sasi',10,'',1,6,10,1928,NULL,NULL,NULL,0,0);
INSERT INTO ClassSchedule VALUES(1979,'Other','Open Gym',1770296400000,120,'Karl Sasi',10,'',1,6,10,1928,NULL,NULL,NULL,0,0);
INSERT INTO ClassSchedule VALUES(1980,'Other','Open Gym',1770901200000,120,'Karl Sasi',10,'',1,6,10,1928,NULL,NULL,NULL,0,0);
INSERT INTO ClassSchedule VALUES(1981,'Other','Open Gym',1739458800000,120,'Karl Sasi',10,'',1,6,10,NULL,'','For Time',NULL,0,0);
INSERT INTO ClassSchedule VALUES(1982,'Other','Open Gym',1740063600000,120,'Karl Sasi',10,'',1,6,10,1981,NULL,NULL,NULL,0,0);
INSERT INTO ClassSchedule VALUES(1983,'Other','Open Gym',1740668400000,120,'Karl Sasi',10,'',1,6,10,1981,NULL,NULL,NULL,0,0);
INSERT INTO ClassSchedule VALUES(1984,'Other','Open Gym',1741273200000,120,'Karl Sasi',10,'',1,6,10,1981,NULL,NULL,NULL,0,0);
INSERT INTO ClassSchedule VALUES(1985,'Other','Open Gym',1741878000000,120,'Karl Sasi',10,'',1,6,10,1981,NULL,NULL,NULL,0,0);
INSERT INTO ClassSchedule VALUES(1986,'Other','Open Gym',1742482800000,120,'Karl Sasi',10,'',1,6,10,1981,NULL,NULL,NULL,0,0);
INSERT INTO ClassSchedule VALUES(1987,'Other','Open Gym',1743087600000,120,'Karl Sasi',10,'',1,6,10,1981,NULL,NULL,NULL,0,0);
INSERT INTO ClassSchedule VALUES(1988,'Other','Open Gym',1743688800000,120,'Karl Sasi',10,'',1,6,10,1981,NULL,NULL,NULL,0,0);
INSERT INTO ClassSchedule VALUES(1989,'Other','Open Gym',1744293600000,120,'Karl Sasi',10,'',1,6,10,1981,NULL,NULL,NULL,0,0);
INSERT INTO ClassSchedule VALUES(1990,'Other','Open Gym',1744898400000,120,'Karl Sasi',10,'',1,6,10,1981,NULL,NULL,NULL,0,0);
INSERT INTO ClassSchedule VALUES(1991,'Other','Open Gym',1745503200000,120,'Karl Sasi',10,'',1,6,10,1981,NULL,NULL,NULL,0,0);
INSERT INTO ClassSchedule VALUES(1992,'Other','Open Gym',1746108000000,120,'Karl Sasi',10,'',1,6,10,1981,NULL,NULL,NULL,0,0);
INSERT INTO ClassSchedule VALUES(1993,'Other','Open Gym',1746712800000,120,'Karl Sasi',10,'',1,6,10,1981,NULL,NULL,NULL,0,0);
INSERT INTO ClassSchedule VALUES(1994,'Other','Open Gym',1747317600000,120,'Karl Sasi',10,'',1,6,10,1981,NULL,NULL,NULL,0,0);
INSERT INTO ClassSchedule VALUES(1995,'Other','Open Gym',1747922400000,120,'Karl Sasi',10,'',1,6,10,1981,NULL,NULL,NULL,0,0);
INSERT INTO ClassSchedule VALUES(1996,'Other','Open Gym',1748527200000,120,'Karl Sasi',10,'',1,6,10,1981,NULL,NULL,NULL,0,0);
INSERT INTO ClassSchedule VALUES(1997,'Other','Open Gym',1749132000000,120,'Karl Sasi',10,'',1,6,10,1981,NULL,NULL,NULL,0,0);
INSERT INTO ClassSchedule VALUES(1998,'Other','Open Gym',1749736800000,120,'Karl Sasi',10,'',1,6,10,1981,NULL,NULL,NULL,0,0);
INSERT INTO ClassSchedule VALUES(1999,'Other','Open Gym',1750341600000,120,'Karl Sasi',10,'',1,6,10,1981,NULL,NULL,NULL,0,0);
INSERT INTO ClassSchedule VALUES(2000,'Other','Open Gym',1750946400000,120,'Karl Sasi',10,'',1,6,10,1981,NULL,NULL,NULL,0,0);
INSERT INTO ClassSchedule VALUES(2001,'Other','Open Gym',1751551200000,120,'Karl Sasi',10,'',1,6,10,1981,NULL,NULL,NULL,0,0);
INSERT INTO ClassSchedule VALUES(2002,'Other','Open Gym',1752156000000,120,'Karl Sasi',10,'',1,6,10,1981,NULL,NULL,NULL,0,0);
INSERT INTO ClassSchedule VALUES(2003,'Other','Open Gym',1752760800000,120,'Karl Sasi',10,'',1,6,10,1981,NULL,NULL,NULL,0,0);
INSERT INTO ClassSchedule VALUES(2004,'Other','Open Gym',1753365600000,120,'Karl Sasi',10,'',1,6,10,1981,NULL,NULL,NULL,0,0);
INSERT INTO ClassSchedule VALUES(2005,'Other','Open Gym',1753970400000,120,'Karl Sasi',10,'',1,6,10,1981,NULL,NULL,NULL,0,0);
INSERT INTO ClassSchedule VALUES(2006,'Other','Open Gym',1754575200000,120,'Karl Sasi',10,'',1,6,10,1981,NULL,NULL,NULL,0,0);
INSERT INTO ClassSchedule VALUES(2007,'Other','Open Gym',1755180000000,120,'Karl Sasi',10,'',1,6,10,1981,NULL,NULL,NULL,0,0);
INSERT INTO ClassSchedule VALUES(2008,'Other','Open Gym',1755784800000,120,'Karl Sasi',10,'',1,6,10,1981,NULL,NULL,NULL,0,0);
INSERT INTO ClassSchedule VALUES(2009,'Other','Open Gym',1756389600000,120,'Karl Sasi',10,'',1,6,10,1981,NULL,NULL,NULL,0,0);
INSERT INTO ClassSchedule VALUES(2010,'Other','Open Gym',1756994400000,120,'Karl Sasi',10,'',1,6,10,1981,NULL,NULL,NULL,0,0);
INSERT INTO ClassSchedule VALUES(2011,'Other','Open Gym',1757599200000,120,'Karl Sasi',10,'',1,6,10,1981,NULL,NULL,NULL,0,0);
INSERT INTO ClassSchedule VALUES(2012,'Other','Open Gym',1758204000000,120,'Karl Sasi',10,'',1,6,10,1981,NULL,NULL,NULL,0,0);
INSERT INTO ClassSchedule VALUES(2013,'Other','Open Gym',1758808800000,120,'Karl Sasi',10,'',1,6,10,1981,NULL,NULL,NULL,0,0);
INSERT INTO ClassSchedule VALUES(2014,'Other','Open Gym',1759413600000,120,'Karl Sasi',10,'',1,6,10,1981,NULL,NULL,NULL,0,0);
INSERT INTO ClassSchedule VALUES(2015,'Other','Open Gym',1760018400000,120,'Karl Sasi',10,'',1,6,10,1981,NULL,NULL,NULL,0,0);
INSERT INTO ClassSchedule VALUES(2016,'Other','Open Gym',1760623200000,120,'Karl Sasi',10,'',1,6,10,1981,NULL,NULL,NULL,0,0);
INSERT INTO ClassSchedule VALUES(2017,'Other','Open Gym',1761228000000,120,'Karl Sasi',10,'',1,6,10,1981,NULL,NULL,NULL,0,0);
INSERT INTO ClassSchedule VALUES(2018,'Other','Open Gym',1761836400000,120,'Karl Sasi',10,'',1,6,10,1981,NULL,NULL,NULL,0,0);
INSERT INTO ClassSchedule VALUES(2019,'Other','Open Gym',1762441200000,120,'Karl Sasi',10,'',1,6,10,1981,NULL,NULL,NULL,0,0);
INSERT INTO ClassSchedule VALUES(2020,'Other','Open Gym',1763046000000,120,'Karl Sasi',10,'',1,6,10,1981,NULL,NULL,NULL,0,0);
INSERT INTO ClassSchedule VALUES(2021,'Other','Open Gym',1763650800000,120,'Karl Sasi',10,'',1,6,10,1981,NULL,NULL,NULL,0,0);
INSERT INTO ClassSchedule VALUES(2022,'Other','Open Gym',1764255600000,120,'Karl Sasi',10,'',1,6,10,1981,NULL,NULL,NULL,0,0);
INSERT INTO ClassSchedule VALUES(2023,'Other','Open Gym',1764860400000,120,'Karl Sasi',10,'',1,6,10,1981,NULL,NULL,NULL,0,0);
INSERT INTO ClassSchedule VALUES(2024,'Other','Open Gym',1765465200000,120,'Karl Sasi',10,'',1,6,10,1981,NULL,NULL,NULL,0,0);
INSERT INTO ClassSchedule VALUES(2025,'Other','Open Gym',1766070000000,120,'Karl Sasi',10,'',1,6,10,1981,NULL,NULL,NULL,0,0);
INSERT INTO ClassSchedule VALUES(2026,'Other','Open Gym',1766674800000,120,'Karl Sasi',10,'',1,6,10,1981,NULL,NULL,NULL,0,0);
INSERT INTO ClassSchedule VALUES(2027,'Other','Open Gym',1767279600000,120,'Karl Sasi',10,'',1,6,10,1981,NULL,NULL,NULL,0,0);
INSERT INTO ClassSchedule VALUES(2028,'Other','Open Gym',1767884400000,120,'Karl Sasi',10,'',1,6,10,1981,NULL,NULL,NULL,0,0);
INSERT INTO ClassSchedule VALUES(2029,'Other','Open Gym',1768489200000,120,'Karl Sasi',10,'',1,6,10,1981,NULL,NULL,NULL,0,0);
INSERT INTO ClassSchedule VALUES(2030,'Other','Open Gym',1769094000000,120,'Karl Sasi',10,'',1,6,10,1981,NULL,NULL,NULL,0,0);
INSERT INTO ClassSchedule VALUES(2031,'Other','Open Gym',1769698800000,120,'Karl Sasi',10,'',1,6,10,1981,NULL,NULL,NULL,0,0);
INSERT INTO ClassSchedule VALUES(2032,'Other','Open Gym',1770303600000,120,'Karl Sasi',10,'',1,6,10,1981,NULL,NULL,NULL,0,0);
INSERT INTO ClassSchedule VALUES(2033,'Other','Open Gym',1770908400000,120,'Karl Sasi',10,'',1,6,10,1981,NULL,NULL,NULL,0,0);
INSERT INTO ClassSchedule VALUES(2034,'Weightlifting','Weightlifting',1739459700000,120,'Merit Mandel',10,'',1,6,10,NULL,'','For Time',NULL,0,0);
INSERT INTO ClassSchedule VALUES(2035,'Weightlifting','Weightlifting',1740064500000,120,'Merit Mandel',10,'',1,6,10,2034,NULL,NULL,NULL,0,0);
INSERT INTO ClassSchedule VALUES(2036,'Weightlifting','Weightlifting',1740669300000,120,'Merit Mandel',10,'',1,6,10,2034,NULL,NULL,NULL,0,0);
INSERT INTO ClassSchedule VALUES(2037,'Weightlifting','Weightlifting',1741274100000,120,'Merit Mandel',10,'',1,6,10,2034,NULL,NULL,NULL,0,0);
INSERT INTO ClassSchedule VALUES(2038,'Weightlifting','Weightlifting',1741878900000,120,'Merit Mandel',10,'',1,6,10,2034,NULL,NULL,NULL,0,0);
INSERT INTO ClassSchedule VALUES(2039,'Weightlifting','Weightlifting',1742483700000,120,'Merit Mandel',10,'',1,6,10,2034,NULL,NULL,NULL,0,0);
INSERT INTO ClassSchedule VALUES(2040,'Weightlifting','Weightlifting',1743088500000,120,'Merit Mandel',10,'',1,6,10,2034,NULL,NULL,NULL,0,0);
INSERT INTO ClassSchedule VALUES(2041,'Weightlifting','Weightlifting',1743689700000,120,'Merit Mandel',10,'',1,6,10,2034,NULL,NULL,NULL,0,0);
INSERT INTO ClassSchedule VALUES(2042,'Weightlifting','Weightlifting',1744294500000,120,'Merit Mandel',10,'',1,6,10,2034,NULL,NULL,NULL,0,0);
INSERT INTO ClassSchedule VALUES(2043,'Weightlifting','Weightlifting',1744899300000,120,'Merit Mandel',10,'',1,6,10,2034,NULL,NULL,NULL,0,0);
INSERT INTO ClassSchedule VALUES(2044,'Weightlifting','Weightlifting',1745504100000,120,'Merit Mandel',10,'',1,6,10,2034,NULL,NULL,NULL,0,0);
INSERT INTO ClassSchedule VALUES(2045,'Weightlifting','Weightlifting',1746108900000,120,'Merit Mandel',10,'',1,6,10,2034,NULL,NULL,NULL,0,0);
INSERT INTO ClassSchedule VALUES(2046,'Weightlifting','Weightlifting',1746713700000,120,'Merit Mandel',10,'',1,6,10,2034,NULL,NULL,NULL,0,0);
INSERT INTO ClassSchedule VALUES(2047,'Weightlifting','Weightlifting',1747318500000,120,'Merit Mandel',10,'',1,6,10,2034,NULL,NULL,NULL,0,0);
INSERT INTO ClassSchedule VALUES(2048,'Weightlifting','Weightlifting',1747923300000,120,'Merit Mandel',10,'',1,6,10,2034,NULL,NULL,NULL,0,0);
INSERT INTO ClassSchedule VALUES(2049,'Weightlifting','Weightlifting',1748528100000,120,'Merit Mandel',10,'',1,6,10,2034,NULL,NULL,NULL,0,0);
INSERT INTO ClassSchedule VALUES(2050,'Weightlifting','Weightlifting',1749132900000,120,'Merit Mandel',10,'',1,6,10,2034,NULL,NULL,NULL,0,0);
INSERT INTO ClassSchedule VALUES(2051,'Weightlifting','Weightlifting',1749737700000,120,'Merit Mandel',10,'',1,6,10,2034,NULL,NULL,NULL,0,0);
INSERT INTO ClassSchedule VALUES(2052,'Weightlifting','Weightlifting',1750342500000,120,'Merit Mandel',10,'',1,6,10,2034,NULL,NULL,NULL,0,0);
INSERT INTO ClassSchedule VALUES(2053,'Weightlifting','Weightlifting',1750947300000,120,'Merit Mandel',10,'',1,6,10,2034,NULL,NULL,NULL,0,0);
INSERT INTO ClassSchedule VALUES(2054,'Weightlifting','Weightlifting',1751552100000,120,'Merit Mandel',10,'',1,6,10,2034,NULL,NULL,NULL,0,0);
INSERT INTO ClassSchedule VALUES(2055,'Weightlifting','Weightlifting',1752156900000,120,'Merit Mandel',10,'',1,6,10,2034,NULL,NULL,NULL,0,0);
INSERT INTO ClassSchedule VALUES(2056,'Weightlifting','Weightlifting',1752761700000,120,'Merit Mandel',10,'',1,6,10,2034,NULL,NULL,NULL,0,0);
INSERT INTO ClassSchedule VALUES(2057,'Weightlifting','Weightlifting',1753366500000,120,'Merit Mandel',10,'',1,6,10,2034,NULL,NULL,NULL,0,0);
INSERT INTO ClassSchedule VALUES(2058,'Weightlifting','Weightlifting',1753971300000,120,'Merit Mandel',10,'',1,6,10,2034,NULL,NULL,NULL,0,0);
INSERT INTO ClassSchedule VALUES(2059,'Weightlifting','Weightlifting',1754576100000,120,'Merit Mandel',10,'',1,6,10,2034,NULL,NULL,NULL,0,0);
INSERT INTO ClassSchedule VALUES(2060,'Weightlifting','Weightlifting',1755180900000,120,'Merit Mandel',10,'',1,6,10,2034,NULL,NULL,NULL,0,0);
INSERT INTO ClassSchedule VALUES(2061,'Weightlifting','Weightlifting',1755785700000,120,'Merit Mandel',10,'',1,6,10,2034,NULL,NULL,NULL,0,0);
INSERT INTO ClassSchedule VALUES(2062,'Weightlifting','Weightlifting',1756390500000,120,'Merit Mandel',10,'',1,6,10,2034,NULL,NULL,NULL,0,0);
INSERT INTO ClassSchedule VALUES(2063,'Weightlifting','Weightlifting',1756995300000,120,'Merit Mandel',10,'',1,6,10,2034,NULL,NULL,NULL,0,0);
INSERT INTO ClassSchedule VALUES(2064,'Weightlifting','Weightlifting',1757600100000,120,'Merit Mandel',10,'',1,6,10,2034,NULL,NULL,NULL,0,0);
INSERT INTO ClassSchedule VALUES(2065,'Weightlifting','Weightlifting',1758204900000,120,'Merit Mandel',10,'',1,6,10,2034,NULL,NULL,NULL,0,0);
INSERT INTO ClassSchedule VALUES(2066,'Weightlifting','Weightlifting',1758809700000,120,'Merit Mandel',10,'',1,6,10,2034,NULL,NULL,NULL,0,0);
INSERT INTO ClassSchedule VALUES(2067,'Weightlifting','Weightlifting',1759414500000,120,'Merit Mandel',10,'',1,6,10,2034,NULL,NULL,NULL,0,0);
INSERT INTO ClassSchedule VALUES(2068,'Weightlifting','Weightlifting',1760019300000,120,'Merit Mandel',10,'',1,6,10,2034,NULL,NULL,NULL,0,0);
INSERT INTO ClassSchedule VALUES(2069,'Weightlifting','Weightlifting',1760624100000,120,'Merit Mandel',10,'',1,6,10,2034,NULL,NULL,NULL,0,0);
INSERT INTO ClassSchedule VALUES(2070,'Weightlifting','Weightlifting',1761228900000,120,'Merit Mandel',10,'',1,6,10,2034,NULL,NULL,NULL,0,0);
INSERT INTO ClassSchedule VALUES(2071,'Weightlifting','Weightlifting',1761837300000,120,'Merit Mandel',10,'',1,6,10,2034,NULL,NULL,NULL,0,0);
INSERT INTO ClassSchedule VALUES(2072,'Weightlifting','Weightlifting',1762442100000,120,'Merit Mandel',10,'',1,6,10,2034,NULL,NULL,NULL,0,0);
INSERT INTO ClassSchedule VALUES(2073,'Weightlifting','Weightlifting',1763046900000,120,'Merit Mandel',10,'',1,6,10,2034,NULL,NULL,NULL,0,0);
INSERT INTO ClassSchedule VALUES(2074,'Weightlifting','Weightlifting',1763651700000,120,'Merit Mandel',10,'',1,6,10,2034,NULL,NULL,NULL,0,0);
INSERT INTO ClassSchedule VALUES(2075,'Weightlifting','Weightlifting',1764256500000,120,'Merit Mandel',10,'',1,6,10,2034,NULL,NULL,NULL,0,0);
INSERT INTO ClassSchedule VALUES(2076,'Weightlifting','Weightlifting',1764861300000,120,'Merit Mandel',10,'',1,6,10,2034,NULL,NULL,NULL,0,0);
INSERT INTO ClassSchedule VALUES(2077,'Weightlifting','Weightlifting',1765466100000,120,'Merit Mandel',10,'',1,6,10,2034,NULL,NULL,NULL,0,0);
INSERT INTO ClassSchedule VALUES(2078,'Weightlifting','Weightlifting',1766070900000,120,'Merit Mandel',10,'',1,6,10,2034,NULL,NULL,NULL,0,0);
INSERT INTO ClassSchedule VALUES(2079,'Weightlifting','Weightlifting',1766675700000,120,'Merit Mandel',10,'',1,6,10,2034,NULL,NULL,NULL,0,0);
INSERT INTO ClassSchedule VALUES(2080,'Weightlifting','Weightlifting',1767280500000,120,'Merit Mandel',10,'',1,6,10,2034,NULL,NULL,NULL,0,0);
INSERT INTO ClassSchedule VALUES(2081,'Weightlifting','Weightlifting',1767885300000,120,'Merit Mandel',10,'',1,6,10,2034,NULL,NULL,NULL,0,0);
INSERT INTO ClassSchedule VALUES(2082,'Weightlifting','Weightlifting',1768490100000,120,'Merit Mandel',10,'',1,6,10,2034,NULL,NULL,NULL,0,0);
INSERT INTO ClassSchedule VALUES(2083,'Weightlifting','Weightlifting',1769094900000,120,'Merit Mandel',10,'',1,6,10,2034,NULL,NULL,NULL,0,0);
INSERT INTO ClassSchedule VALUES(2084,'Weightlifting','Weightlifting',1769699700000,120,'Merit Mandel',10,'',1,6,10,2034,NULL,NULL,NULL,0,0);
INSERT INTO ClassSchedule VALUES(2085,'Weightlifting','Weightlifting',1770304500000,120,'Merit Mandel',10,'',1,6,10,2034,NULL,NULL,NULL,0,0);
INSERT INTO ClassSchedule VALUES(2086,'Weightlifting','Weightlifting',1770909300000,120,'Merit Mandel',10,'',1,6,10,2034,NULL,NULL,NULL,0,0);
INSERT INTO ClassSchedule VALUES(2087,'Weightlifting','Weightlifting',1739465100000,120,'Merit Mandel',10,'',1,6,10,NULL,'','For Time',NULL,0,0);
INSERT INTO ClassSchedule VALUES(2088,'Weightlifting','Weightlifting',1740069900000,120,'Merit Mandel',10,'',1,6,10,2087,NULL,NULL,NULL,0,0);
INSERT INTO ClassSchedule VALUES(2089,'Weightlifting','Weightlifting',1740674700000,120,'Merit Mandel',10,'',1,6,10,2087,NULL,NULL,NULL,0,0);
INSERT INTO ClassSchedule VALUES(2090,'Weightlifting','Weightlifting',1741279500000,120,'Merit Mandel',10,'',1,6,10,2087,NULL,NULL,NULL,0,0);
INSERT INTO ClassSchedule VALUES(2091,'Weightlifting','Weightlifting',1741884300000,120,'Merit Mandel',10,'',1,6,10,2087,NULL,NULL,NULL,0,0);
INSERT INTO ClassSchedule VALUES(2092,'Weightlifting','Weightlifting',1742489100000,120,'Merit Mandel',10,'',1,6,10,2087,NULL,NULL,NULL,0,0);
INSERT INTO ClassSchedule VALUES(2093,'Weightlifting','Weightlifting',1743093900000,120,'Merit Mandel',10,'',1,6,10,2087,NULL,NULL,NULL,0,0);
INSERT INTO ClassSchedule VALUES(2094,'Weightlifting','Weightlifting',1743695100000,120,'Merit Mandel',10,'',1,6,10,2087,NULL,NULL,NULL,0,0);
INSERT INTO ClassSchedule VALUES(2095,'Weightlifting','Weightlifting',1744299900000,120,'Merit Mandel',10,'',1,6,10,2087,NULL,NULL,NULL,0,0);
INSERT INTO ClassSchedule VALUES(2096,'Weightlifting','Weightlifting',1744904700000,120,'Merit Mandel',10,'',1,6,10,2087,NULL,NULL,NULL,0,0);
INSERT INTO ClassSchedule VALUES(2097,'Weightlifting','Weightlifting',1745509500000,120,'Merit Mandel',10,'',1,6,10,2087,NULL,NULL,NULL,0,0);
INSERT INTO ClassSchedule VALUES(2098,'Weightlifting','Weightlifting',1746114300000,120,'Merit Mandel',10,'',1,6,10,2087,NULL,NULL,NULL,0,0);
INSERT INTO ClassSchedule VALUES(2099,'Weightlifting','Weightlifting',1746719100000,120,'Merit Mandel',10,'',1,6,10,2087,NULL,NULL,NULL,0,0);
INSERT INTO ClassSchedule VALUES(2100,'Weightlifting','Weightlifting',1747323900000,120,'Merit Mandel',10,'',1,6,10,2087,NULL,NULL,NULL,0,0);
INSERT INTO ClassSchedule VALUES(2101,'Weightlifting','Weightlifting',1747928700000,120,'Merit Mandel',10,'',1,6,10,2087,NULL,NULL,NULL,0,0);
INSERT INTO ClassSchedule VALUES(2102,'Weightlifting','Weightlifting',1748533500000,120,'Merit Mandel',10,'',1,6,10,2087,NULL,NULL,NULL,0,0);
INSERT INTO ClassSchedule VALUES(2103,'Weightlifting','Weightlifting',1749138300000,120,'Merit Mandel',10,'',1,6,10,2087,NULL,NULL,NULL,0,0);
INSERT INTO ClassSchedule VALUES(2104,'Weightlifting','Weightlifting',1749743100000,120,'Merit Mandel',10,'',1,6,10,2087,NULL,NULL,NULL,0,0);
INSERT INTO ClassSchedule VALUES(2105,'Weightlifting','Weightlifting',1750347900000,120,'Merit Mandel',10,'',1,6,10,2087,NULL,NULL,NULL,0,0);
INSERT INTO ClassSchedule VALUES(2106,'Weightlifting','Weightlifting',1750952700000,120,'Merit Mandel',10,'',1,6,10,2087,NULL,NULL,NULL,0,0);
INSERT INTO ClassSchedule VALUES(2107,'Weightlifting','Weightlifting',1751557500000,120,'Merit Mandel',10,'',1,6,10,2087,NULL,NULL,NULL,0,0);
INSERT INTO ClassSchedule VALUES(2108,'Weightlifting','Weightlifting',1752162300000,120,'Merit Mandel',10,'',1,6,10,2087,NULL,NULL,NULL,0,0);
INSERT INTO ClassSchedule VALUES(2109,'Weightlifting','Weightlifting',1752767100000,120,'Merit Mandel',10,'',1,6,10,2087,NULL,NULL,NULL,0,0);
INSERT INTO ClassSchedule VALUES(2110,'Weightlifting','Weightlifting',1753371900000,120,'Merit Mandel',10,'',1,6,10,2087,NULL,NULL,NULL,0,0);
INSERT INTO ClassSchedule VALUES(2111,'Weightlifting','Weightlifting',1753976700000,120,'Merit Mandel',10,'',1,6,10,2087,NULL,NULL,NULL,0,0);
INSERT INTO ClassSchedule VALUES(2112,'Weightlifting','Weightlifting',1754581500000,120,'Merit Mandel',10,'',1,6,10,2087,NULL,NULL,NULL,0,0);
INSERT INTO ClassSchedule VALUES(2113,'Weightlifting','Weightlifting',1755186300000,120,'Merit Mandel',10,'',1,6,10,2087,NULL,NULL,NULL,0,0);
INSERT INTO ClassSchedule VALUES(2114,'Weightlifting','Weightlifting',1755791100000,120,'Merit Mandel',10,'',1,6,10,2087,NULL,NULL,NULL,0,0);
INSERT INTO ClassSchedule VALUES(2115,'Weightlifting','Weightlifting',1756395900000,120,'Merit Mandel',10,'',1,6,10,2087,NULL,NULL,NULL,0,0);
INSERT INTO ClassSchedule VALUES(2116,'Weightlifting','Weightlifting',1757000700000,120,'Merit Mandel',10,'',1,6,10,2087,NULL,NULL,NULL,0,0);
INSERT INTO ClassSchedule VALUES(2117,'Weightlifting','Weightlifting',1757605500000,120,'Merit Mandel',10,'',1,6,10,2087,NULL,NULL,NULL,0,0);
INSERT INTO ClassSchedule VALUES(2118,'Weightlifting','Weightlifting',1758210300000,120,'Merit Mandel',10,'',1,6,10,2087,NULL,NULL,NULL,0,0);
INSERT INTO ClassSchedule VALUES(2119,'Weightlifting','Weightlifting',1758815100000,120,'Merit Mandel',10,'',1,6,10,2087,NULL,NULL,NULL,0,0);
INSERT INTO ClassSchedule VALUES(2120,'Weightlifting','Weightlifting',1759419900000,120,'Merit Mandel',10,'',1,6,10,2087,NULL,NULL,NULL,0,0);
INSERT INTO ClassSchedule VALUES(2121,'Weightlifting','Weightlifting',1760024700000,120,'Merit Mandel',10,'',1,6,10,2087,NULL,NULL,NULL,0,0);
INSERT INTO ClassSchedule VALUES(2122,'Weightlifting','Weightlifting',1760629500000,120,'Merit Mandel',10,'',1,6,10,2087,NULL,NULL,NULL,0,0);
INSERT INTO ClassSchedule VALUES(2123,'Weightlifting','Weightlifting',1761234300000,120,'Merit Mandel',10,'',1,6,10,2087,NULL,NULL,NULL,0,0);
INSERT INTO ClassSchedule VALUES(2124,'Weightlifting','Weightlifting',1761842700000,120,'Merit Mandel',10,'',1,6,10,2087,NULL,NULL,NULL,0,0);
INSERT INTO ClassSchedule VALUES(2125,'Weightlifting','Weightlifting',1762447500000,120,'Merit Mandel',10,'',1,6,10,2087,NULL,NULL,NULL,0,0);
INSERT INTO ClassSchedule VALUES(2126,'Weightlifting','Weightlifting',1763052300000,120,'Merit Mandel',10,'',1,6,10,2087,NULL,NULL,NULL,0,0);
INSERT INTO ClassSchedule VALUES(2127,'Weightlifting','Weightlifting',1763657100000,120,'Merit Mandel',10,'',1,6,10,2087,NULL,NULL,NULL,0,0);
INSERT INTO ClassSchedule VALUES(2128,'Weightlifting','Weightlifting',1764261900000,120,'Merit Mandel',10,'',1,6,10,2087,NULL,NULL,NULL,0,0);
INSERT INTO ClassSchedule VALUES(2129,'Weightlifting','Weightlifting',1764866700000,120,'Merit Mandel',10,'',1,6,10,2087,NULL,NULL,NULL,0,0);
INSERT INTO ClassSchedule VALUES(2130,'Weightlifting','Weightlifting',1765471500000,120,'Merit Mandel',10,'',1,6,10,2087,NULL,NULL,NULL,0,0);
INSERT INTO ClassSchedule VALUES(2131,'Weightlifting','Weightlifting',1766076300000,120,'Merit Mandel',10,'',1,6,10,2087,NULL,NULL,NULL,0,0);
INSERT INTO ClassSchedule VALUES(2132,'Weightlifting','Weightlifting',1766681100000,120,'Merit Mandel',10,'',1,6,10,2087,NULL,NULL,NULL,0,0);
INSERT INTO ClassSchedule VALUES(2133,'Weightlifting','Weightlifting',1767285900000,120,'Merit Mandel',10,'',1,6,10,2087,NULL,NULL,NULL,0,0);
INSERT INTO ClassSchedule VALUES(2134,'Weightlifting','Weightlifting',1767890700000,120,'Merit Mandel',10,'',1,6,10,2087,NULL,NULL,NULL,0,0);
INSERT INTO ClassSchedule VALUES(2135,'Weightlifting','Weightlifting',1768495500000,120,'Merit Mandel',10,'',1,6,10,2087,NULL,NULL,NULL,0,0);
INSERT INTO ClassSchedule VALUES(2136,'Weightlifting','Weightlifting',1769100300000,120,'Merit Mandel',10,'',1,6,10,2087,NULL,NULL,NULL,0,0);
INSERT INTO ClassSchedule VALUES(2137,'Weightlifting','Weightlifting',1769705100000,120,'Merit Mandel',10,'',1,6,10,2087,NULL,NULL,NULL,0,0);
INSERT INTO ClassSchedule VALUES(2138,'Weightlifting','Weightlifting',1770309900000,120,'Merit Mandel',10,'',1,6,10,2087,NULL,NULL,NULL,0,0);
INSERT INTO ClassSchedule VALUES(2139,'Weightlifting','Weightlifting',1770914700000,120,'Merit Mandel',10,'',1,6,10,2087,NULL,NULL,NULL,0,0);
INSERT INTO ClassSchedule VALUES(2140,'Cardio','asdasd',1739350020000,123,'',12,'',1,6,10,NULL,'','For Time',NULL,0,0);
INSERT INTO ClassSchedule VALUES(2141,'Cardio','asdasd',1739954820000,123,'',12,'',1,6,10,2140,NULL,NULL,NULL,0,0);
INSERT INTO ClassSchedule VALUES(2143,'Cardio','asdasd',1741164420000,123,'',12,'',1,6,10,2140,NULL,NULL,NULL,0,0);
INSERT INTO ClassSchedule VALUES(2144,'Cardio','asdasd',1741769220000,123,'',12,'',1,6,10,2140,NULL,NULL,NULL,0,0);
INSERT INTO ClassSchedule VALUES(2145,'Cardio','asdasd',1742374020000,123,'',12,'',1,6,10,2140,NULL,NULL,NULL,0,0);
INSERT INTO ClassSchedule VALUES(2146,'Cardio','asdasd',1742978820000,123,'',12,'',1,6,10,2140,NULL,NULL,NULL,0,0);
INSERT INTO ClassSchedule VALUES(2147,'Cardio','asdasd',1743580020000,123,'',12,'',1,6,10,2140,NULL,NULL,NULL,0,0);
INSERT INTO ClassSchedule VALUES(2148,'Cardio','asdasd',1744184820000,123,'',12,'',1,6,10,2140,NULL,NULL,NULL,0,0);
INSERT INTO ClassSchedule VALUES(2149,'Cardio','asdasd',1744789620000,123,'',12,'',1,6,10,2140,NULL,NULL,NULL,0,0);
INSERT INTO ClassSchedule VALUES(2150,'Cardio','asdasd',1745394420000,123,'',12,'',1,6,10,2140,NULL,NULL,NULL,0,0);
INSERT INTO ClassSchedule VALUES(2151,'Cardio','asdasd',1745999220000,123,'',12,'',1,6,10,2140,NULL,NULL,NULL,0,0);
INSERT INTO ClassSchedule VALUES(2152,'Cardio','asdasd',1746604020000,123,'',12,'',1,6,10,2140,NULL,NULL,NULL,0,0);
INSERT INTO ClassSchedule VALUES(2153,'Cardio','asdasd',1747208820000,123,'',12,'',1,6,10,2140,NULL,NULL,NULL,0,0);
INSERT INTO ClassSchedule VALUES(2154,'Cardio','asdasd',1747813620000,123,'',12,'',1,6,10,2140,NULL,NULL,NULL,0,0);
INSERT INTO ClassSchedule VALUES(2155,'Cardio','asdasd',1748418420000,123,'',12,'',1,6,10,2140,NULL,NULL,NULL,0,0);
INSERT INTO ClassSchedule VALUES(2156,'Cardio','asdasd',1749023220000,123,'',12,'',1,6,10,2140,NULL,NULL,NULL,0,0);
INSERT INTO ClassSchedule VALUES(2157,'Cardio','asdasd',1749628020000,123,'',12,'',1,6,10,2140,NULL,NULL,NULL,0,0);
INSERT INTO ClassSchedule VALUES(2158,'Cardio','asdasd',1750232820000,123,'',12,'',1,6,10,2140,NULL,NULL,NULL,0,0);
INSERT INTO ClassSchedule VALUES(2159,'Cardio','asdasd',1750837620000,123,'',12,'',1,6,10,2140,NULL,NULL,NULL,0,0);
INSERT INTO ClassSchedule VALUES(2160,'Cardio','asdasd',1751442420000,123,'',12,'',1,6,10,2140,NULL,NULL,NULL,0,0);
INSERT INTO ClassSchedule VALUES(2161,'Cardio','asdasd',1752047220000,123,'',12,'',1,6,10,2140,NULL,NULL,NULL,0,0);
INSERT INTO ClassSchedule VALUES(2162,'Cardio','asdasd',1752652020000,123,'',12,'',1,6,10,2140,NULL,NULL,NULL,0,0);
INSERT INTO ClassSchedule VALUES(2163,'Cardio','asdasd',1753256820000,123,'',12,'',1,6,10,2140,NULL,NULL,NULL,0,0);
INSERT INTO ClassSchedule VALUES(2164,'Cardio','asdasd',1753861620000,123,'',12,'',1,6,10,2140,NULL,NULL,NULL,0,0);
INSERT INTO ClassSchedule VALUES(2165,'Cardio','asdasd',1754466420000,123,'',12,'',1,6,10,2140,NULL,NULL,NULL,0,0);
INSERT INTO ClassSchedule VALUES(2166,'Cardio','asdasd',1755071220000,123,'',12,'',1,6,10,2140,NULL,NULL,NULL,0,0);
INSERT INTO ClassSchedule VALUES(2167,'Cardio','asdasd',1755676020000,123,'',12,'',1,6,10,2140,NULL,NULL,NULL,0,0);
INSERT INTO ClassSchedule VALUES(2168,'Cardio','asdasd',1756280820000,123,'',12,'',1,6,10,2140,NULL,NULL,NULL,0,0);
INSERT INTO ClassSchedule VALUES(2169,'Cardio','asdasd',1756885620000,123,'',12,'',1,6,10,2140,NULL,NULL,NULL,0,0);
INSERT INTO ClassSchedule VALUES(2170,'Cardio','asdasd',1757490420000,123,'',12,'',1,6,10,2140,NULL,NULL,NULL,0,0);
INSERT INTO ClassSchedule VALUES(2171,'Cardio','asdasd',1758095220000,123,'',12,'',1,6,10,2140,NULL,NULL,NULL,0,0);
INSERT INTO ClassSchedule VALUES(2172,'Cardio','asdasd',1758700020000,123,'',12,'',1,6,10,2140,NULL,NULL,NULL,0,0);
INSERT INTO ClassSchedule VALUES(2173,'Cardio','asdasd',1759304820000,123,'',12,'',1,6,10,2140,NULL,NULL,NULL,0,0);
INSERT INTO ClassSchedule VALUES(2174,'Cardio','asdasd',1759909620000,123,'',12,'',1,6,10,2140,NULL,NULL,NULL,0,0);
INSERT INTO ClassSchedule VALUES(2175,'Cardio','asdasd',1760514420000,123,'',12,'',1,6,10,2140,NULL,NULL,NULL,0,0);
INSERT INTO ClassSchedule VALUES(2176,'Cardio','asdasd',1761119220000,123,'',12,'',1,6,10,2140,NULL,NULL,NULL,0,0);
INSERT INTO ClassSchedule VALUES(2177,'Cardio','asdasd',1761727620000,123,'',12,'',1,6,10,2140,NULL,NULL,NULL,0,0);
INSERT INTO ClassSchedule VALUES(2178,'Cardio','asdasd',1762332420000,123,'',12,'',1,6,10,2140,NULL,NULL,NULL,0,0);
INSERT INTO ClassSchedule VALUES(2179,'Cardio','asdasd',1762937220000,123,'',12,'',1,6,10,2140,NULL,NULL,NULL,0,0);
INSERT INTO ClassSchedule VALUES(2180,'Cardio','asdasd',1763542020000,123,'',12,'',1,6,10,2140,NULL,NULL,NULL,0,0);
INSERT INTO ClassSchedule VALUES(2181,'Cardio','asdasd',1764146820000,123,'',12,'',1,6,10,2140,NULL,NULL,NULL,0,0);
INSERT INTO ClassSchedule VALUES(2182,'Cardio','asdasd',1764751620000,123,'',12,'',1,6,10,2140,NULL,NULL,NULL,0,0);
INSERT INTO ClassSchedule VALUES(2183,'Cardio','asdasd',1765356420000,123,'',12,'',1,6,10,2140,NULL,NULL,NULL,0,0);
INSERT INTO ClassSchedule VALUES(2184,'Cardio','asdasd',1765961220000,123,'',12,'',1,6,10,2140,NULL,NULL,NULL,0,0);
INSERT INTO ClassSchedule VALUES(2185,'Cardio','asdasd',1766566020000,123,'',12,'',1,6,10,2140,NULL,NULL,NULL,0,0);
INSERT INTO ClassSchedule VALUES(2186,'Cardio','asdasd',1767170820000,123,'',12,'',1,6,10,2140,NULL,NULL,NULL,0,0);
INSERT INTO ClassSchedule VALUES(2187,'Cardio','asdasd',1767775620000,123,'',12,'',1,6,10,2140,NULL,NULL,NULL,0,0);
INSERT INTO ClassSchedule VALUES(2188,'Cardio','asdasd',1768380420000,123,'',12,'',1,6,10,2140,NULL,NULL,NULL,0,0);
INSERT INTO ClassSchedule VALUES(2189,'Cardio','asdasd',1768985220000,123,'',12,'',1,6,10,2140,NULL,NULL,NULL,0,0);
INSERT INTO ClassSchedule VALUES(2190,'Cardio','asdasd',1769590020000,123,'',12,'',1,6,10,2140,NULL,NULL,NULL,0,0);
INSERT INTO ClassSchedule VALUES(2191,'Cardio','asdasd',1770194820000,123,'',12,'',1,6,10,2140,NULL,NULL,NULL,0,0);
INSERT INTO ClassSchedule VALUES(2192,'Cardio','asdasd',1770799620000,123,'',12,'',1,6,10,2140,NULL,NULL,NULL,0,0);
CREATE TABLE IF NOT EXISTS "transactions" (
    "id" INTEGER NOT NULL PRIMARY KEY AUTOINCREMENT,
    "userId" INTEGER NOT NULL,
    "amount" REAL NOT NULL,
    "invoiceNumber" TEXT NOT NULL,
    "description" TEXT NOT NULL,
    "createdAt" DATETIME NOT NULL DEFAULT CURRENT_TIMESTAMP,
    "status" TEXT NOT NULL,
    "type" TEXT NOT NULL,
    "affiliateId" INTEGER NOT NULL,
    "planId" INTEGER,
    "memberId" INTEGER NOT NULL,
    CONSTRAINT "transactions_userId_fkey" FOREIGN KEY ("userId") REFERENCES "User" ("id") ON DELETE RESTRICT ON UPDATE CASCADE,
    CONSTRAINT "transactions_planId_fkey" FOREIGN KEY ("planId") REFERENCES "Plan" ("id") ON DELETE SET NULL ON UPDATE CASCADE,
    CONSTRAINT "transactions_affiliateId_fkey" FOREIGN KEY ("affiliateId") REFERENCES "Affiliate" ("id") ON DELETE RESTRICT ON UPDATE CASCADE,
    CONSTRAINT "transactions_memberId_fkey" FOREIGN KEY ("memberId") REFERENCES "Members" ("id") ON DELETE RESTRICT ON UPDATE CASCADE
);
INSERT INTO transactions VALUES(4,5,222.0,'106952','Plan purchaseUnlimitedbyc@c.cfromCrossfit Tartu',1738241481847,'success','debit',10,5,3);
INSERT INTO transactions VALUES(5,5,100.0,'916706','Plan purchaseUNLIMITED FOR A YEARbyc@c.cfromCrossfit Tartu',1738241599426,'success','debit',10,6,4);
INSERT INTO transactions VALUES(6,5,100.0,'48939','Plan purchase: UNLIMITED FOR A YEAR, by: c@c.c, from:Crossfit Tartu',1738392803759,'success','debit',10,6,4);
INSERT INTO transactions VALUES(7,5,100.0,'408561','Plan purchase: UNLIMITED FOR A YEAR, by: c@c.c, from:Crossfit Tartu',1738413828434,'success','debit',10,6,4);
INSERT INTO transactions VALUES(8,5,100.0,'418368','Plan purchase: UNLIMITED FOR A YEAR, by: c@c.c, from:Crossfit Tartu',1738414414841,'success','debit',10,6,4);
INSERT INTO transactions VALUES(9,5,100.0,'283248','Plan purchase: UNLIMITED FOR A YEAR, by: c@c.c, from:Crossfit Tartu',1738414470170,'success','debit',10,6,4);
INSERT INTO transactions VALUES(10,5,100.0,'20250203182500','Plan purchase: UNLIMITED FOR A YEAR, by: c@c.c, from:Crossfit Tartu',1738607100444,'success','debit',10,6,4);
INSERT INTO transactions VALUES(11,5,100.0,'20250203182846','Plan purchase: UNLIMITED FOR A YEAR, by: c@c.c, from: Crossfit Tartu',1738607326803,'success','debit',10,6,4);
INSERT INTO transactions VALUES(12,5,100.0,'20250203184434','Plan purchase: UNLIMITED FOR A YEAR, by: c@c.c, from: Crossfit Tartu',1738608274272,'success','debit',10,6,4);
INSERT INTO transactions VALUES(13,5,30.0,'20250206081810','Plan purchase: 10 sessions, by: c@c.c, from: Crossfit Tartu',1738829890552,'success','debit',10,7,4);
INSERT INTO transactions VALUES(14,1,100.0,'20250210083520','Plan purchase: UNLIMITED FOR A YEAR, by: a@a.a, from: Crossfit Tartu',1739176520345,'success','debit',10,6,1);
CREATE TABLE IF NOT EXISTS "Credit" (
    "id" INTEGER NOT NULL PRIMARY KEY AUTOINCREMENT,
    "userId" INTEGER NOT NULL,
    "credit" REAL NOT NULL DEFAULT 0.0,
    "affiliateId" INTEGER NOT NULL,
    CONSTRAINT "Credit_affiliateId_fkey" FOREIGN KEY ("affiliateId") REFERENCES "Affiliate" ("id") ON DELETE RESTRICT ON UPDATE CASCADE,
    CONSTRAINT "Credit_userId_fkey" FOREIGN KEY ("userId") REFERENCES "User" ("id") ON DELETE RESTRICT ON UPDATE CASCADE
);
INSERT INTO Credit VALUES(1,5,1154.0,10);
INSERT INTO Credit VALUES(2,1,1023.0,10);
INSERT INTO Credit VALUES(3,10,100.0,10);
INSERT INTO Credit VALUES(4,8,111.0,10);
CREATE TABLE IF NOT EXISTS "Members" (
    "id" INTEGER NOT NULL PRIMARY KEY AUTOINCREMENT,
    "affiliateId" INTEGER NOT NULL,
    "userId" INTEGER NOT NULL,
    "visitCount" INTEGER DEFAULT 0,
    "addScoreCount" INTEGER DEFAULT 0,
    "atRisk" BOOLEAN NOT NULL DEFAULT false,
    "ristData" TEXT,
    "isActive" BOOLEAN NOT NULL DEFAULT true,
    CONSTRAINT "Members_userId_fkey" FOREIGN KEY ("userId") REFERENCES "User" ("id") ON DELETE RESTRICT ON UPDATE CASCADE,
    CONSTRAINT "Members_affiliateId_fkey" FOREIGN KEY ("affiliateId") REFERENCES "Affiliate" ("id") ON DELETE RESTRICT ON UPDATE CASCADE
);
INSERT INTO Members VALUES(1,10,1,0,0,0,NULL,1);
INSERT INTO Members VALUES(4,10,10,0,0,0,NULL,1);
CREATE TABLE IF NOT EXISTS "User" (
    "id" INTEGER NOT NULL PRIMARY KEY AUTOINCREMENT,
    "email" TEXT NOT NULL,
    "password" TEXT NOT NULL,
    "fullName" TEXT,
    "affiliateOwner" BOOLEAN NOT NULL DEFAULT false,
    "createdAt" DATETIME NOT NULL DEFAULT CURRENT_TIMESTAMP,
    "monthlyGoal" INTEGER,
    "phone" TEXT,
    "homeAffiliate" INTEGER
, "logo" TEXT, "address" TEXT);
INSERT INTO User VALUES(1,'a@a.a','$2b$10$ITNZmTGLWeI0OUBcg0Z6c.ytApjxuHPumMZZHwo0yX0UWOLbFOxpm','Sander Prii2',0,1737547508429,NULL,'55656565',10,NULL,NULL);
INSERT INTO User VALUES(2,'b@b.b','$2b$10$24nnApK0B94jywcxhNxqe.5qbq2BX7jcdcmTMNX5xUUDvGtQCu.ja','asd',1,1737553951494,NULL,NULL,NULL,NULL,NULL);
INSERT INTO User VALUES(5,'c@c.c','$2b$10$OgnssFdOCtXb./TgYkMcNOM.8NFZbUThigIN.LWdg.zUpJCWe8aPG','Mati Testija2',0,1738004558172,NULL,'55656565',10,'data:image/jpeg;base64,/9j/2wBDAAYEBQYFBAYGBQYHBwYIChAKCgkJChQODwwQFxQYGBcUFhYaHSUfGhsjHBYWICwgIyYnKSopGR8tMC0oMCUoKSj/2wBDAQcHBwoIChMKChMoGhYaKCgoKCgoKCgoKCgoKCgoKCgoKCgoKCgoKCgoKCgoKCgoKCgoKCgoKCgoKCgoKCgoKCj/wAARCADIAMgDASIAAhEBAxEB/8QAHAAAAQUBAQEAAAAAAAAAAAAABQACAwQGBwEI/8QAORAAAgEDAwIEBAIIBwEBAAAAAQIDAAQRBRIhBjETIkFRFDJhcQeBIzNCUmKRobEVJHLB0eHxNEP/xAAZAQADAQEBAAAAAAAAAAAAAAABAgMEAAX/xAAiEQACAgICAwEBAQEAAAAAAAAAAQIRAyESMSJBUQRCEzL/2gAMAwEAAhEDEQA/AO33WlW0MHh+EuCMZr5t64tRaa/cIny7s19FdRakQuxDyRziuCddKZdSLep71nycVJJGrGm42wFYQ+JtzXWelH2WyKewFc101NoWuidOuPAUUq7GfRuLVgAMVNcSYXIoXZSkHFEZAJIjnvRaAmYjqnUIgGSQjNDui0VrxmA4OK863s/OrL33Ve6Dh/Shm7Dipx2ysno2Go2oksGUITke1cX19DBeyovGDX0DOVEP0xXDeslRtduNmNpb0ppxp2LCVqgh0pCPhAzDk80zqOZodvh8U3Q7jwIgmeAK9vZkuZSjYzUZRTdsonqjQdHo0kau3Y1pdThX4ZhjuKz3TMqRQogPY4rT3TCSDA9qRRQaqjl+rxLFcHIoJJHm4GB3rSdURlJWIrP2p/SBmNc17M+dBnTvEjUHHFG7W55wc5qrpcYkWicNhhs4qUVZTCqRL4hK5AqvK2T270Yt7UFQoXmldaS2wsg5p6KumZ6a0DgsvBoDcxPFOd2RzWpVHikdJB/OqWpwK6BuMg1ySXYkoRoz2rWwkt93riszb6eu4lRzmtPqkm2Mj0FULA70LADJq2JuiaWgJcR7fKfQ0qsalhLjZ60qsmKztlzctO7E/lXPOsYB4wYd66AIzg4FYbq5SHGfehJ7GitGZtsggV0bpm3VoE39yK56mAATW66XvP0CKRyOxorsD6NlFGFOB2p7zbVPNQxOzDBPJqx8MpTzEk1WvhKzGdS5mk57VN00fCYqOKm1y22SEdwaj0mM+KoHrUaqRa/E019cObQhT6VyjV4CdTfJzk811ua3Bt8euK5jra7NSkDdwa7Jdhx1RZsbENFkDnFA9ZSSzuCecGtnoq7oB9qBdWW+9sAUjXsNlPpzU28URnPfg1020zJbr6nFct0G08K6QsPrXVtOZfhwR7UFVju6Mh1hb5hdgORWIt0LHByDmuj9QgTBlHcms5FYrFN5lxmllH0JKPIsaLuUqCK10G3YOOaDWUCjsKIu5SI470qhQ8UkgraMviAUWMash96F9JQrPHJcS+Zg20D2rR3VuqxeIo2nPIrQsXjZJ5FyoxGtQCNyxGBWZvw2xtvbvW71q2EkZBH2rMva8EEdqhx3RZ7Rhb85Q5yao2TbcBa0GsWaoXIHegtrHtcmqJUhGCryNn1AkgnJpUS2CTUkA9TSp+VE6O0pauGwRxWI69tTFEHx611doV9qwX4jQg6fuA7MK6aGgzlyBjWv6XRn2qoJNZ5IQBmug/h7aI1u0zAEk4rkBoO29tJtBNW2LIvmXNFlhAUccV61uGByKflROkYLV3Z5SW4xVfTXKTKwo91NaKtu0iDBFVOmLVZjvYA4OKS9la0E5LsC3LEHt7Vy3qKVpNSZvc12qezQw428Yrk/WVoltq6hRhSwP9a7I22dBaNP01p0j2SNjGRQ/qbT3jkUsPKa3mgRILKPAGNoql1PbpJDyOc0GvGwp+VHOHtzBGrr3FavS5ibZce1QahaA2EmB2UmoNDuA0CL64qfTKnk4Z7x1bnBqpfW8zlTDGzkH9kUTlTN7nHfFa7S7SMRrhRTxROXRkdOtpUQGVGUn3FW7i2cx9j/ACrXz2inuoqOK3BOCBin4i3oEdKJLbeINp2sc4IrQ3kzNAQVwB6VYs7cAfLgVZe1DDkVdK40Z3JKVmQvZS0fmU/mKDypkE+9bi/slKEFRis3d2ZjRsDgVnePizTHJyWjA66vmYVngnJxWi1vPxTih0NtuyfWkGaA9tEf8SRuTzSonaQ7dRj4/apUWJR3PdkGsb17Hu0qXHpzWtDVmusBv02cfw10ugwWzk3i5GK6B+HF0Ph5Ym9GyK5uWxKw+tazoScrqJUHgr2og9nYo3DIK9ZwAao27ExinsxxRsRw2A+qJCbSQD1FD+j5tu9T75q9ryloW4rN9P3QivShOM0l7LVo6PNLmGuU/iAha48VfTFdIWUPD3zxWN6rsTco+2jJgivRo+lL3xtLgbPJUVLrTNKVUe9AOlpPhbKOJuCoxWh3rM4NBO1QWqdg+S3Mtsy47jFD9M0trYnPNalIgF7V6sK+1Fxs7kApbQ5DY5oxpszIoB9Kn+FDmrMNnyM0yixZSRZQmUCrMVuBzTYYwgqYyYFaIwrszSl8JlG0YFP3YFU/FJPevS521S0ToZeSZ4JoRdhShqe7lO6qjHcOazZHbNEPFGD16xPjM4HrQ+OPYnI5raapbh1IxWZvYfDBrO+y6doAxri+X/VSqwEHjhsc0qYRnWqzvVP/AMM3+k1os8UE15PFhdAM5FGXQ0Fs4vJC3iMR70X6SuDBrEYb9rir97pbRqcL2oBGJ7TUVkCHAPpSxdnS0zudlIGiGKsd6ynT+rLNEoJwcdjWoglVlHIox2Bop6jAZI2AGeKxsuiXMd540Rxj0rou1XFMeBCO1FxOU/RkoL6aBdk6kEVaidLsc0TvdPSVT5eaoQae0EmVzil4sN+x401O68VLFC0Jq2gcAcUO6h1qz0O08a+cbiPLGCNzf9UeAG7CsTMwqzGhNcP1r8WriBnWBIodwyi7uR+eKAJ+K+oLdjx5rjweGLIxO339f9qrGBOU0tWfTcSD1FT7gorj2n/iXJb29tdPIt5p8jKjMVxImfXI749jz7V0iw1S21S0S5sZ1mhbsyn+/tVYyQkkwpJOPSoWmPvVck0gCTRBospKa9km8tRquBTHFEBSupDuzUIlOKkuk4qoO9Zcqp2O3odIvid6HXdgJfSi0QqXYM9qnVi8mZOTRgOQOaVat41x2pUeJ3JnpmxVSceITVmOA+pqcQCjTfZp5UBnsVk4Zc5qrNoML4/RjvWmEYFehRmu4o7mZ2DQ0hbcgwavRxSRDGTRNiAKgk5yAK7j8FcmyBLsocMaspch/WqMlm0j5FWbazKe9NGMmLddlxTup4iGe1epERVhENWUBHP4QsipEzsOFGTiuR69b3fVM0g06APqcp3q036u1iBKjPuTg8V2SRQ0ToezAisxptqulJfrGnMuGB9B9KE1tfBoPT+nBtR/CHV5py97qdqzk+zdqJad+EtjbMst5e3ErDusflB/OurXcrSNkrkD1FVwx42rms8s0ukzTH88O2itonTekLYizWzjUYwGYZPH1NU+gUk0TqK60shWtnfCOuRnPIBH055o5DKwnTOFJ4Az3q2LVDfQSlAkgkVs/UVWDtEckUmabYKlSMU2IhsFSCD2IqcVoMzGlcCoWFWGPFQMa44p3KcUNIKtzRmXkGh80YzmpZI2ikehseac0hXvXiECvJRuBxWeqEaGPcDFKq7xnJpUts4L7himNJ7UNW7Le9SoxbkU6dmlxLRkNeByTxUcYJPNW44xjtTRg2LpEaozd6mSLnmpVFSxx5NWUEhHIYqAdhUqJn0qVIvepgoUVRIm2RKgFJiBTnYCoGbNEAyR+aDzz2txbS3CSCSGNWLFDngA0XZeazSWzWep3dvKB8DcR7Yxx82WY/3qGWTVfDRhipJ72jkms/iFqkEvhWmm2UCFtqieUs59vKvYn61oLbWbrVuk5dRs5EguApXaq5IYd8Zold6Bp8ztsVYkJyzDjJ96uaVp1ra2cAt9vwshYgHnI7ZrLfKkka0uN2zkGk2Ws6lfpLNPc3hY7maW7IKEHttx3+3FdyszM2gqtyd9zCuck8uB6E++KFQixhvGWJUjb+EcN+dEbbdcM8cOXLDAX3p1Ntk3jSRoOmQE0eAJ8gLbftuJFFg9Q2MHgWkUZChlXnb2z61NitcFUUjHkfKbkMd+KiLVI+KibFMKMdqry1O2KglHFKxolYmvd+BUcgYZqHeSSKzS0GSskduaVRHnNKpbEHQQZWrsMW2oYVYHkVcjJ9q1RgkWlOySNPpVmNPpUcX1q5FgVRIm2eRxe9WFQCvAyivHkAFP0J2PLAVFJJUbSZNMJ96DYUhM5NNpUx2IoDD2PFUr20S7aFnZlaJtykf2qxvqNnGaWSTVMaLcXaMJrsJeSa2yUUkgkccVly0SgLb3FxCieXYkbMOOPauh9SWsZMdxnazHaT6UG/wm8vgYkcQnbuUsPmH09689wam0ejDInBNge1aeRozHbSC3HztKQv8AIf8AlaTp39HqUTZ8oaqD2jWFv/mmYqON319j7VeiHgGFs4YgMVx8vtVEqabJyaaaRvNtLbWN0fXJV1TVoW8yRSqyj6MucUdOuRGNGKCPccDc3etimmrMEoOLovyDmoitL4q3dAROoP1BxSwxXIBI9xTAIZKiyalkzULHHNBjIY61WkQLk1JJI2e3FRsdy88VKex0iIEAHNKqt1JtHFKszDws1KWw9qkW1xVhcCpN4r0EiDZWEWKR4qZ5FAqnK/NccevIR61C0zGk2Suc1XBO6gMkWPEPrS8WoWavA2PSuOLAkOKY8tRGSnxReMTzhV7mgHoQcEUmKRANLnJ7IO5/4pzzQ2yYjQNJ7tzihGpXDsYnz5iSc0snQY3IvapFHqNoLeHanmABJ4Ddjk1V1jbbaZHDfiOSePasTKccD9qpNP8ABjttlyrMjKSMHBznIrPahePfTGQAFcBQN3IAqOSVb9stjjevSJzeSSSu02yQScOCMqw+1O1VAk0ci58Jl4z7ihsTHsQePQ1fu2+L0pY921omBz6gHg4qafJNMq1xaaKVoEgW/vW//Vhk++1cf80yO48a5hjYkR2yh5j/ABnkIP55P5U2Rt8HkUeBH5UX95h/sD/M15Y26xkK7ZWPzyH99z/3TJ1oRq3YdhmfarnKs3yqfT6/ertpIysW8RiPXLYBoMsxLO57gYH3NX4pAuAT271WMiMoh6KaOcbXGG9GFQToUcqe4qvBLkjso9B61dn86Rv6kYNWe0SWnRXwuO1VbhCQcVZlBUZFV3kyMGpSKoE3MDPkAmlV3AUnNKoNIrbNXjA71C7kV74u4cVEzZrZZmSI5ZGFRNISKnfkVBIoxxQGo9VjinAVCpP1qZRxXIDG4HrXjBadjmmEeauOoYUz2NT3DfDWaAfM3mb8+1NRdzqoPc4qLV5gZnQnykbftQ6VndugbJPn86q3Lb2VfamBiVwe6nBp7AF1b6VFuyyVFkE/Cgeq9qD3I8EtLtIU8kgZAolNcCOEhe5oWXklO0HikyU9D47WwD1NqlzYWiTWdo0yMu8yLkhBnGTj35+nFAY+o9ZklikRC0ULRx3FvFEdzl+x98emPsfWi/UdhqCR3FtaPcvDcqzgpyIzgZUjvjjI/MV70rp/wtn4kkjTPMAZJTwXI+UfQDufc/aqR4Rjfsk/9JTr0aXJe2Epga3QLlY2IJH8qhIMccaHux3NUsEpYeG+ChOa9mG5y3tmpcr2i3GtMGXmqRWdu8ksscSqXkaSQ4VFXjcaDaf+Iug3F4lpY3M19dMDtjtoi7HAycFsAngmg2sqdV0bVIGXyPZHDMwAJw74Huc7a5h0DqljZanoTeMIJEuCLkPEGMgYjDBj2wCR3GACec1fBjU+zN+jK8dJHaIPxa6eVrcmLUFS4k8NHaNeecEnz5xn1rrW/FoM91bFfH3VdnYQu1/pTQNHHI0D25uFZoGTgFMHzRNwVI7ZIPufrDR7j43R7a5XlJYo3H3ZQa0Sgo9EMeRzeyzNcDaeKHzyNLkR8VcaMNkHtVZ8RNwMms8kaUyhI0icMaVPuh4jj60qhKkyilo1TuEXIphcsBgVGgYryaUblcqR/OtVkaJ1HHNNkC4qPe3rSY5rrOIlJ34p/iFWxjivcADJ714zdjjmuOHs4xTQwPeo2znJpu/niuOLMDKs6MTwvJoVqZPxEit6GiESGeURj9pSP6UEvnlLEsfOBtIbs2Pr6Glm6Q0VbKW8iQ/xcfnU75EaEe1BxdFdREUiuniDK7hxkdwD27f2oyDuiXH2qCdlmqKU252xk1PCnhp25qdIvfvT9qxgvJ2HNdx9ncircXHwcQc/rpDwPYVDeRoshaMBVfzcfWgt7em81Qc+QNgCjV3gogH7K4P2qcndlYri0ULqbwYy1MXUhLbzKq7pgh2qO7HFSNg5Ru4/qKh8BA4kjADfSpqTRVxTRX0vSIotKt47pIy7Rr4u71OOQf7UrDp/pWwIxY6TGR2zFGSP6VLe2lvfoFu48kdnXgihzaHNbKZLJxPGOSoGHA+3rVlka6RB4k/+may1tdEldDD8ESvZQqAf2rUNEIrDagAAIxjjiuf6GROoVlDKe+RkGtBZm6gu4orRgdPZWE8Tt+rOAUZPzyCO1WxZeS2iGXFxeglvINVJ5lDEFcmrvG00Pnw0mQOaaQqKVzI2Rg4pV7NbyPKGyce1Kss8dsElZpmDAeU05FbcCe1REtwV71LAXIJftWw4sqykYI5pZTPIFV9+HBB4p7EGjYKFKBnIrz0z2rxzhe9RY3Lya6zhSEk5GKYzbRnFerGAPmpruQMHkVxxd0pwfGkJ5VcAUHv2BuHYZUE57VetyUtrh/lIXg1mbjVpEY740ce4ODU8mRRSTKY8cpNtEGsx74G8OQLIPMrAdj6GloeoreWx3YWeM7ZEz8rf8e1Dr3VUfIMDg/cUQ6KsIr2PUrgxhJnZFV88jANQi+UqiWcXGNyCqygd6G6vdHw2VTU85MLNHIMODgihGoHhmajKWqBGO7A1qf8AOJnuWzWqjTxbtiThFTmstYqZNQU+gNae/mFnpU0p+dhxU4lJMpXOSp2EMRyCPUVXjnIAYfn9KB9OatvaW1uDkglom+nqv+9GpQCdydz3HvUpaZaO0WFuExzT0lCkNG2GHYihEuVO9Tx7VUkvGi+1cpHOIfhuVi1Bp0wqy/rEHA3/ALw+/r9aNaPMZrmbHbGa58b9mfg89q33TMRj0hblgS0zkD7D/vNaMTcpGfMlGIVkcLx3NAtVnuI5cxrwKKylj5sUPkEsl0u7GyqzIQK+mX9xOXWSPaw96VeXMyw3hWN13kdgaVZ+VhlBt6NjsZgOKdjK4U/lSpVtJjANq1ZtygXHGaVKuOZE+S54GBTVdc4pUq4BG0gEnn7e9etsJ70qVEA3UpRDpVwynsK57PdKxPNKlWD9T8keh+RLi2DJJQx4Pc10Xoq3MGjhmGDK5b8u1KlR/MvMX9TqBL1LYmaD4mEfpI/mA9R71j9VbFrG374pUqtmVSI4XaK2gw77kEipOs7rEIgU8UqVS/kr/Rj7G2IJc5BHIIo1b3/IWX5u33pUqnJWVi6CMDxzZ4GK8m0+G4jbZ83rSpUsVY09AsabDZzRmeQ4dsf6R710bS4/CtmtlO6JQJIj6Ef+UqVasC2Y87botzxlovLgUHvbGWaNjHMyHHcUqVWkkySdAP8AwJolDGVnlY5ZjSpUqlSHtn//2Q==','asdasd');
INSERT INTO User VALUES(6,'d@d.d','$2b$10$whhsYiO2RmqdX99TCazAkOJjnDi7iIEZRK72a/BXc7hzwcVX1CiDe','asd',1,1738046044319,NULL,NULL,NULL,NULL,NULL);
INSERT INTO User VALUES(7,'f@f.f','$2b$10$J0CTr.RA0/WPqaBm4E1pOOeP4ASDzuLqSloyQUbvn1nfh96kVzxfS','asd',0,1738745068793,NULL,NULL,NULL,NULL,NULL);
INSERT INTO User VALUES(8,'s@s.e','$2b$10$GlB3m88fuxnqTb6bG9Ns7.OFrXrJoW8aWg2ADpJwrWMTGWbxbp2Em','asd',0,1738751263465,NULL,NULL,NULL,NULL,NULL);
INSERT INTO User VALUES(9,'g@g.g','$2b$10$5jVQiXQcJjNJ26v.qI7ZaOvvWW.Cb2Mtr00NpitjDeMRQEzuZWPHi','asd',0,1738751962995,NULL,NULL,NULL,NULL,NULL);
INSERT INTO User VALUES(10,'prii.sander@gmail.com','$2b$10$zsd9.nL10T10EKojrqliqe5K7LY/DnbDZFmfx3JejJqAuC6SVVrIC','Kati Testija',0,1738831102031,NULL,'533256456',NULL,NULL,'lehe 10,asdas');
CREATE TABLE IF NOT EXISTS "CreditTransaction" (
    "id" INTEGER NOT NULL PRIMARY KEY AUTOINCREMENT,
    "paymentRef" TEXT NOT NULL,
    "userId" INTEGER NOT NULL,
    "creditAmount" REAL NOT NULL,
    "decrease" BOOLEAN NOT NULL DEFAULT false,
    "affiliateId" INTEGER NOT NULL,
    "creditId" INTEGER NOT NULL,
    "createdAt" DATETIME NOT NULL DEFAULT CURRENT_TIMESTAMP,
    "description" TEXT NOT NULL,
    CONSTRAINT "CreditTransaction_creditId_fkey" FOREIGN KEY ("creditId") REFERENCES "Credit" ("id") ON DELETE RESTRICT ON UPDATE CASCADE,
    CONSTRAINT "CreditTransaction_affiliateId_fkey" FOREIGN KEY ("affiliateId") REFERENCES "Affiliate" ("id") ON DELETE RESTRICT ON UPDATE CASCADE,
    CONSTRAINT "CreditTransaction_userId_fkey" FOREIGN KEY ("userId") REFERENCES "User" ("id") ON DELETE RESTRICT ON UPDATE CASCADE
);
INSERT INTO CreditTransaction VALUES(1,'123123',5,45.0,1,10,1,1738446194000,'asdasd');
INSERT INTO CreditTransaction VALUES(2,'20250201195629',5,12.0,0,10,1,1738439789309,'asd');
INSERT INTO CreditTransaction VALUES(3,'20250201195637',5,100.0,0,10,1,1738439797293,'stebby');
INSERT INTO CreditTransaction VALUES(4,'20250201200903',5,12.0,0,1,2,1738440543343,'stebby');
INSERT INTO CreditTransaction VALUES(5,'20250203182500',5,100.0,1,10,1,1738607100419,'Plan purchase: UNLIMITED FOR A YEAR, by: c@c.c, from:Crossfit Tartu');
INSERT INTO CreditTransaction VALUES(6,'20250203182846',5,100.0,1,10,1,1738607326799,'Plan purchase: UNLIMITED FOR A YEAR, by: c@c.c, from: Crossfit Tartu');
INSERT INTO CreditTransaction VALUES(7,'20250203184434',5,100.0,1,10,1,1738608274269,'Plan purchase: UNLIMITED FOR A YEAR, by: c@c.c, from: Crossfit Tartu');
INSERT INTO CreditTransaction VALUES(8,'20250206081810',5,30.0,1,10,1,1738829890551,'Plan purchase: 10 sessions, by: c@c.c, from: Crossfit Tartu');
INSERT INTO CreditTransaction VALUES(9,'20250206092912',5,1000.0,0,10,1,1738834152007,'Stebby');
INSERT INTO CreditTransaction VALUES(10,'20250206093133',5,12.0,0,10,1,1738834293784,'stebbby');
INSERT INTO CreditTransaction VALUES(11,'20250206093151',5,12.0,0,10,1,1738834311076,'stebbby');
INSERT INTO CreditTransaction VALUES(12,'20250206093204',5,12.0,0,10,1,1738834324643,'stebby');
INSERT INTO CreditTransaction VALUES(13,'20250206093507',5,12.0,0,10,1,1738834507812,'stebby');
INSERT INTO CreditTransaction VALUES(14,'20250206093528',5,12.0,0,10,1,1738834528368,'sa');
INSERT INTO CreditTransaction VALUES(15,'20250210083520',1,100.0,1,10,2,1739176520343,'Plan purchase: UNLIMITED FOR A YEAR, by: a@a.a, from: Crossfit Tartu');
INSERT INTO CreditTransaction VALUES(16,'20250212083404',8,111.0,0,10,4,1739349244037,'asdasd');
CREATE TABLE IF NOT EXISTS "UserNote" (
    "id" INTEGER NOT NULL PRIMARY KEY AUTOINCREMENT,
    "userId" INTEGER NOT NULL,
    "note" TEXT NOT NULL,
    "flag" TEXT NOT NULL,
    "createdAt" DATETIME NOT NULL DEFAULT CURRENT_TIMESTAMP,
    CONSTRAINT "UserNote_userId_fkey" FOREIGN KEY ("userId") REFERENCES "User" ("id") ON DELETE RESTRICT ON UPDATE CASCADE
);
INSERT INTO UserNote VALUES(4,5,'oke','red',1739188997467);
INSERT INTO UserNote VALUES(5,5,'niijanaa','yellow',1739437785188);
INSERT INTO UserNote VALUES(6,5,'asd','green',1739444590191);
CREATE TABLE IF NOT EXISTS "UserMessageGroup" (
    "id" INTEGER NOT NULL PRIMARY KEY AUTOINCREMENT,
    "userId" INTEGER NOT NULL,
    "groupId" INTEGER NOT NULL,
    CONSTRAINT "UserMessageGroup_userId_fkey" FOREIGN KEY ("userId") REFERENCES "User" ("id") ON DELETE RESTRICT ON UPDATE CASCADE,
    CONSTRAINT "UserMessageGroup_groupId_fkey" FOREIGN KEY ("groupId") REFERENCES "MessageGroup" ("id") ON DELETE RESTRICT ON UPDATE CASCADE
);
INSERT INTO UserMessageGroup VALUES(1,1,4);
INSERT INTO UserMessageGroup VALUES(2,10,4);
INSERT INTO UserMessageGroup VALUES(3,10,3);
CREATE TABLE IF NOT EXISTS "MessageGroup" (
    "id" INTEGER NOT NULL PRIMARY KEY AUTOINCREMENT,
    "groupName" TEXT NOT NULL,
    "affiliateId" INTEGER NOT NULL,
    "createdAt" DATETIME NOT NULL DEFAULT CURRENT_TIMESTAMP,
    CONSTRAINT "MessageGroup_affiliateId_fkey" FOREIGN KEY ("affiliateId") REFERENCES "Affiliate" ("id") ON DELETE RESTRICT ON UPDATE CASCADE
);
INSERT INTO MessageGroup VALUES(1,'nonii',10,'2025-02-11 16:46:25');
INSERT INTO MessageGroup VALUES(2,'New Group',10,1739292766871);
INSERT INTO MessageGroup VALUES(3,'tt',10,1739292927659);
INSERT INTO MessageGroup VALUES(4,'no',10,1739293090493);
CREATE TABLE IF NOT EXISTS "Message" (
    "id" INTEGER NOT NULL PRIMARY KEY AUTOINCREMENT,
    "affiliateId" INTEGER NOT NULL,
    "recipientId" INTEGER,
    "subject" TEXT NOT NULL,
    "recipientType" TEXT NOT NULL,
    "body" TEXT NOT NULL,
    "createdAt" DATETIME NOT NULL DEFAULT CURRENT_TIMESTAMP,
    CONSTRAINT "Message_affiliateId_fkey" FOREIGN KEY ("affiliateId") REFERENCES "Affiliate" ("id") ON DELETE RESTRICT ON UPDATE CASCADE
);
INSERT INTO Message VALUES(1,10,4,'asd','group','asd',1739298738571);
INSERT INTO Message VALUES(2,10,4,'qwe','group','qwe',1739298768668);
INSERT INTO Message VALUES(3,10,10,'dfg','user','dfg',1739298894220);
INSERT INTO Message VALUES(4,10,10,'asd','user','asddddddddddddd',1739304120572);
INSERT INTO Message VALUES(11,10,3,'asdasdasd','group','asdasdasd',1739304963376);
INSERT INTO Message VALUES(12,10,0,'asdasd','allMembers','asdsad',1739305873167);
INSERT INTO Message VALUES(13,10,10,'asdasdasd','user',replace('asdasdasdasd\nasdasda\nasdasd','\n',char(10)),1739305904947);
INSERT INTO Message VALUES(14,10,0,'sfgsdf','allMembers','gsdfgsdfg',1739305969562);
INSERT INTO Message VALUES(15,10,0,'asda','allMembers',replace('df222\n3\n34\n5\n6\n7\n8','\n',char(10)),1739306330285);
INSERT INTO Message VALUES(16,10,0,'asd','allMembers',replace('asdasdasdas\ndas\nd\nasd\nas\nd','\n',char(10)),1739307057904);
INSERT INTO Message VALUES(17,10,0,'444','allMembers',replace('4\n4\n4\n4\n4\n4','\n',char(10)),1739307477762);
INSERT INTO Message VALUES(18,10,0,'asdasd','allMembers',replace('45\n34\n534\n5\n34\n5','\n',char(10)),1739307679240);
INSERT INTO Message VALUES(19,10,0,'asdfadsfadf','allMembers',replace('546\nt\nhgf\nh\nfg\nh\nfgh','\n',char(10)),1739307723151);
INSERT INTO Message VALUES(20,10,0,'dsfsdf','allMembers',replace('sdfsd\nf\nsdf\nsd\nf\nsdf\nsdf','\n',char(10)),1739308199490);
INSERT INTO Message VALUES(21,10,0,'asd','allMembers',replace('asd\nas\nda\nsd\nasd\nasd','\n',char(10)),1739308238133);
CREATE TABLE IF NOT EXISTS "ContractLogs" (
    "id" INTEGER NOT NULL PRIMARY KEY AUTOINCREMENT,
    "contractId" TEXT NOT NULL,
    "userId" INTEGER NOT NULL,
    "affiliateId" INTEGER NOT NULL,
    "action" TEXT NOT NULL,
    "createdAt" DATETIME NOT NULL DEFAULT CURRENT_TIMESTAMP,
    CONSTRAINT "ContractLogs_contractId_fkey" FOREIGN KEY ("contractId") REFERENCES "Contract" ("id") ON DELETE RESTRICT ON UPDATE CASCADE,
    CONSTRAINT "ContractLogs_userId_fkey" FOREIGN KEY ("userId") REFERENCES "User" ("id") ON DELETE RESTRICT ON UPDATE CASCADE,
    CONSTRAINT "ContractLogs_affiliateId_fkey" FOREIGN KEY ("affiliateId") REFERENCES "Affiliate" ("id") ON DELETE RESTRICT ON UPDATE CASCADE
);
INSERT INTO ContractLogs VALUES(2,'2ea5fccc-69e4-4d14-b2ae-217c0e5d5d67',5,10,'User accepted the contract',1739455365948);
INSERT INTO ContractLogs VALUES(3,'2ea5fccc-69e4-4d14-b2ae-217c0e5d5d67',5,10,'User accepted the contract',1739463769361);
INSERT INTO ContractLogs VALUES(4,'485515e2-6ff6-473e-84e1-8c94afd92274',5,10,'User accepted the contract',1739468167345);
CREATE TABLE IF NOT EXISTS "SignedContract" (
    "id" INTEGER NOT NULL PRIMARY KEY AUTOINCREMENT,
    "contractId" TEXT NOT NULL,
    "userId" INTEGER NOT NULL,
    "affiliateId" INTEGER NOT NULL,
    "acceptType" TEXT NOT NULL,
    "contractTermsId" INTEGER NOT NULL,
    "signedAt" DATETIME NOT NULL DEFAULT CURRENT_TIMESTAMP,
    CONSTRAINT "SignedContract_contractId_fkey" FOREIGN KEY ("contractId") REFERENCES "Contract" ("id") ON DELETE RESTRICT ON UPDATE CASCADE,
    CONSTRAINT "SignedContract_userId_fkey" FOREIGN KEY ("userId") REFERENCES "User" ("id") ON DELETE RESTRICT ON UPDATE CASCADE,
    CONSTRAINT "SignedContract_affiliateId_fkey" FOREIGN KEY ("affiliateId") REFERENCES "Affiliate" ("id") ON DELETE RESTRICT ON UPDATE CASCADE,
    CONSTRAINT "SignedContract_contractTermsId_fkey" FOREIGN KEY ("contractTermsId") REFERENCES "ContractTerms" ("id") ON DELETE RESTRICT ON UPDATE CASCADE
);
INSERT INTO SignedContract VALUES(1,'2ea5fccc-69e4-4d14-b2ae-217c0e5d5d67',5,10,'checkbox',1,1739455365974);
INSERT INTO SignedContract VALUES(2,'2ea5fccc-69e4-4d14-b2ae-217c0e5d5d67',5,10,'checkbox',1,1739463769385);
INSERT INTO SignedContract VALUES(3,'485515e2-6ff6-473e-84e1-8c94afd92274',5,10,'checkbox',1,1739468167367);
CREATE TABLE IF NOT EXISTS "Contract" (
    "id" TEXT NOT NULL PRIMARY KEY,
    "affiliateId" INTEGER NOT NULL,
    "userId" INTEGER NOT NULL,
    "contractType" TEXT,
    "content" TEXT NOT NULL,
    "paymentType" TEXT,
    "paymentAmount" REAL,
    "paymentInterval" TEXT,
    "paymentDay" INTEGER,
    "active" BOOLEAN NOT NULL DEFAULT true,
    "status" TEXT NOT NULL DEFAULT 'draft',
    "createdAt" DATETIME NOT NULL DEFAULT CURRENT_TIMESTAMP,
    "acceptedAt" DATETIME, "validUntil" DATETIME,
    CONSTRAINT "Contract_affiliateId_fkey" FOREIGN KEY ("affiliateId") REFERENCES "Affiliate" ("id") ON DELETE RESTRICT ON UPDATE CASCADE,
    CONSTRAINT "Contract_userId_fkey" FOREIGN KEY ("userId") REFERENCES "User" ("id") ON DELETE RESTRICT ON UPDATE CASCADE
);
INSERT INTO Contract VALUES('2ea5fccc-69e4-4d14-b2ae-217c0e5d5d67',10,5,'MonthlyMembership','asdfadsf',NULL,NULL,NULL,NULL,1,'Waiting for acceptance',1739455002131,1739463769324,NULL);
INSERT INTO Contract VALUES('485515e2-6ff6-473e-84e1-8c94afd92274',10,5,'MonthlyMembership',replace('asdf\nadsfa\ndsf','\n',char(10)),'credit',90.0,'month',1,1,'accepted',1739456192954,1739468167309,1760486400000);
INSERT INTO Contract VALUES('c63a61a2-ebd7-43ca-ad37-4f1b47b5032e',10,10,'MonthlyMembership',replace('Leping nr [X]\nSõlmitud: [kuupäev]\n\nLepingupooled:\n\nCrossFit Tartu\n\nOmanik: Ain Lubi\nAsukoht: Tartu, Aardla\nedaspidi „Teenusepakkuja” või „Affiliate“\n[Kliendi nimi ja isikukood]\n\n[Kontaktandmed: aadress, telefon, e-post]\nedaspidi „Klient”\n1. Lepingu ese\n1.1 Käesoleva lepingu esemeks on CrossFit Tartu poolt pakutavate treeningvõimaluste, sh rühmatreeningute, iseseisva treeningu ja muude seotud teenuste kasutamise õigus.\n1.2 Leping on tähtajatu ning Klient võib tasu eest kasutada Teenusepakkuja treeningteenuseid käesolevas lepingus sätestatud tingimustel.\n\n2. Liikmemaks ja maksetingimused\n2.1 Klient kohustub tasuma igakuist liikmemaksu summas [X eurot].\n2.2 Liikmemaks kuulub tasumisele hiljemalt iga kuu 15. kuupäevaks.\n2.3 Maksetingimused (sh arveldusarve number, selgitus jms) määratakse Teenusepakkuja poolt. Klient vastutab õigeaegse ning õige viitenumbriga tasumise eest.\n2.4 Viivitusintressi või leppetrahvi võidakse rakendada vastavalt Teenusepakkuja kehtestatud üldtingimustele, kui Klient ei ole kokkulepitud tähtpäevaks liikmemaksu tasunud. Teenusepakkuja võib samuti peatada Kliendi treeninguõiguse, kuni võlgnevus on tasutud.\n\n3. Teenuste kasutamine\n3.1 Klient on kohustatud tutvuma CrossFit Tartu sisekorraeeskirjadega (sh turvalisus, hügieen, treeningute registreerimine, tühistamise kord jms) ja neid täitma.\n3.2 Teenusepakkujal on õigus ajutiselt piirata treeningute või ruumide kasutamist seoses remondi, hooldustööde või muude etteplaneeritud tegevustega, teavitades sellest mõistliku aja jooksul ette.\n3.3 Teenusepakkuja võib teha muudatusi treeningute ajakavas, hinnakirjas või sisukorras, teavitades sellest Kliendi e-posti või veebilehe vahendusel. Oluliste muudatuste puhul on Kliendil õigus leping üles öelda, teatades sellest 14 päeva ette.\n\n4. Lepingu kestus ja lõpetamine\n4.1 Leping jõustub selle allkirjastamisest (või digiallkirjast) ning on sõlmitud tähtajatult.\n4.2 Klient võib lepingu igal ajal üles öelda, esitades Teenusepakkujale kirjaliku (või digitaalse) avalduse. Lepingu lõppemisest tulenevalt arvestatakse liikmemaks proportsionaalselt selle kuu kasutusajaga või vastavalt Teenusepakkuja üldtingimustele.\n4.3 Teenusepakkuja võib lepingu erakorraliselt lõpetada, kui Klient on oluliselt lepingut rikkunud (näiteks korduv makseviivitus või sisekorraeeskirjade rikkumine).\n\n5. Vastutus ja pretensioonid\n5.1 Teenusepakkuja vastutab Kliendi ees üksnes siis, kui kahju või kahjustus on põhjustatud Teenusepakkuja raskest hooletusest või tahtlikust tegevusest.\n5.2 Klient vastutab oma tervisliku seisundi eest ning on kohustatud veenduma, et tal pole vastunäidustusi treeningutes osalemiseks.\n5.3 Kui Kliendil on kaebusi või pretensioone, lahendatakse need esmalt heas usus läbirääkimiste teel. Vaidluste jätkumisel on Kliendil õigus pöörduda Tarbijakaitse ja Tehnilise Järelevalve Ameti või kohtusse vastavalt Eesti Vabariigi seadustele.\n\n6. Isikuandmete kaitse ja GDPR\n6.1 Teenusepakkuja töötleb Kliendi isikuandmeid (nt nimi, kontaktandmed, makseinfo) üksnes teenuste osutamiseks, lepingu täitmiseks, raamatupidamis- või juriidiliste kohustuste täitmiseks vastavalt Euroopa Liidu isikuandmete kaitse üldmäärusele (GDPR) ja Eesti seadustele.\n6.2 Klient võib igal ajal küsida teavet enda isikuandmete töötlemise kohta ning taotleda parandamist, kustutamist või töötlemise piiramist, kui see ei ole vastuolus seadusest tulenevate kohustustega.\n\n7. Muud tingimused\n7.1 Poolte vahelised teated loetakse kehtivaks, kui need on edastatud e-posti teel, kirjalikult või muus tõendatavas vormis.\n7.2 Kõik lepingus puuduvad küsimused ja suhted lahendatakse vastavalt Eesti Vabariigi kehtivatele õigusaktidele.\n7.3 Kokkuleppe muutmine või täiendamine toimub kirjalikult või digiallkirjastatud lisakokkuleppega.\n\n8. Allkirjastamine ja jõustumine\n8.1 Klient kinnitab, et on käesoleva lepingu ja teenusepakkuja Terms and Conditions (üldtingimuste) sisust aru saanud ning nõustub nendega.\n8.2 Leping loetakse sõlmituks ning õiguslikult siduvaks hetkest, mil Klient on lepingu allkirjastanud (sh digiallkirjastanud) või klõpsanud „Accept” (nõustun) nuppu.\n\nPOOLTE ALLEKIRJAD\n\nCrossFit Tartu\n(omanik Ain Lubi)\nAllkiri: …………………….. Kuupäev: ………………\n\nKlient\n[nimi ja isikukood]\nAllkiri: …………………….. Kuupäev: ………………','\n',char(10)),'credit',90.0,'month',15,1,'Waiting for acceptance',1739469175757,NULL,1876003200000);
CREATE TABLE IF NOT EXISTS "ContractTemplate" (
    "id" TEXT NOT NULL PRIMARY KEY,
    "affiliateId" INTEGER NOT NULL,
    "content" TEXT NOT NULL,
    "createdAt" DATETIME NOT NULL DEFAULT CURRENT_TIMESTAMP,
    CONSTRAINT "ContractTemplate_affiliateId_fkey" FOREIGN KEY ("affiliateId") REFERENCES "Affiliate" ("id") ON DELETE RESTRICT ON UPDATE CASCADE
);
INSERT INTO ContractTemplate VALUES('38e6265a-5ca4-4b37-8ca1-cb295fb4b483',10,replace('Leping nr [X]\nSõlmitud: [kuupäev]\n\nLepingupooled:\n\nCrossFit Tartu\n\nOmanik: Ain Lubi\nAsukoht: Tartu, Aardla\nedaspidi „Teenusepakkuja” või „Affiliate“\n[Kliendi nimi ja isikukood]\n\n[Kontaktandmed: aadress, telefon, e-post]\nedaspidi „Klient”\n1. Lepingu ese\n1.1 Käesoleva lepingu esemeks on CrossFit Tartu poolt pakutavate treeningvõimaluste, sh rühmatreeningute, iseseisva treeningu ja muude seotud teenuste kasutamise õigus.\n1.2 Leping on tähtajatu ning Klient võib tasu eest kasutada Teenusepakkuja treeningteenuseid käesolevas lepingus sätestatud tingimustel.\n\n2. Liikmemaks ja maksetingimused\n2.1 Klient kohustub tasuma igakuist liikmemaksu summas [X eurot].\n2.2 Liikmemaks kuulub tasumisele hiljemalt iga kuu 15. kuupäevaks.\n2.3 Maksetingimused (sh arveldusarve number, selgitus jms) määratakse Teenusepakkuja poolt. Klient vastutab õigeaegse ning õige viitenumbriga tasumise eest.\n2.4 Viivitusintressi või leppetrahvi võidakse rakendada vastavalt Teenusepakkuja kehtestatud üldtingimustele, kui Klient ei ole kokkulepitud tähtpäevaks liikmemaksu tasunud. Teenusepakkuja võib samuti peatada Kliendi treeninguõiguse, kuni võlgnevus on tasutud.\n\n3. Teenuste kasutamine\n3.1 Klient on kohustatud tutvuma CrossFit Tartu sisekorraeeskirjadega (sh turvalisus, hügieen, treeningute registreerimine, tühistamise kord jms) ja neid täitma.\n3.2 Teenusepakkujal on õigus ajutiselt piirata treeningute või ruumide kasutamist seoses remondi, hooldustööde või muude etteplaneeritud tegevustega, teavitades sellest mõistliku aja jooksul ette.\n3.3 Teenusepakkuja võib teha muudatusi treeningute ajakavas, hinnakirjas või sisukorras, teavitades sellest Kliendi e-posti või veebilehe vahendusel. Oluliste muudatuste puhul on Kliendil õigus leping üles öelda, teatades sellest 14 päeva ette.\n\n4. Lepingu kestus ja lõpetamine\n4.1 Leping jõustub selle allkirjastamisest (või digiallkirjast) ning on sõlmitud tähtajatult.\n4.2 Klient võib lepingu igal ajal üles öelda, esitades Teenusepakkujale kirjaliku (või digitaalse) avalduse. Lepingu lõppemisest tulenevalt arvestatakse liikmemaks proportsionaalselt selle kuu kasutusajaga või vastavalt Teenusepakkuja üldtingimustele.\n4.3 Teenusepakkuja võib lepingu erakorraliselt lõpetada, kui Klient on oluliselt lepingut rikkunud (näiteks korduv makseviivitus või sisekorraeeskirjade rikkumine).\n\n5. Vastutus ja pretensioonid\n5.1 Teenusepakkuja vastutab Kliendi ees üksnes siis, kui kahju või kahjustus on põhjustatud Teenusepakkuja raskest hooletusest või tahtlikust tegevusest.\n5.2 Klient vastutab oma tervisliku seisundi eest ning on kohustatud veenduma, et tal pole vastunäidustusi treeningutes osalemiseks.\n5.3 Kui Kliendil on kaebusi või pretensioone, lahendatakse need esmalt heas usus läbirääkimiste teel. Vaidluste jätkumisel on Kliendil õigus pöörduda Tarbijakaitse ja Tehnilise Järelevalve Ameti või kohtusse vastavalt Eesti Vabariigi seadustele.\n\n6. Isikuandmete kaitse ja GDPR\n6.1 Teenusepakkuja töötleb Kliendi isikuandmeid (nt nimi, kontaktandmed, makseinfo) üksnes teenuste osutamiseks, lepingu täitmiseks, raamatupidamis- või juriidiliste kohustuste täitmiseks vastavalt Euroopa Liidu isikuandmete kaitse üldmäärusele (GDPR) ja Eesti seadustele.\n6.2 Klient võib igal ajal küsida teavet enda isikuandmete töötlemise kohta ning taotleda parandamist, kustutamist või töötlemise piiramist, kui see ei ole vastuolus seadusest tulenevate kohustustega.\n\n7. Muud tingimused\n7.1 Poolte vahelised teated loetakse kehtivaks, kui need on edastatud e-posti teel, kirjalikult või muus tõendatavas vormis.\n7.2 Kõik lepingus puuduvad küsimused ja suhted lahendatakse vastavalt Eesti Vabariigi kehtivatele õigusaktidele.\n7.3 Kokkuleppe muutmine või täiendamine toimub kirjalikult või digiallkirjastatud lisakokkuleppega.\n\n8. Allkirjastamine ja jõustumine\n8.1 Klient kinnitab, et on käesoleva lepingu ja teenusepakkuja Terms and Conditions (üldtingimuste) sisust aru saanud ning nõustub nendega.\n8.2 Leping loetakse sõlmituks ning õiguslikult siduvaks hetkest, mil Klient on lepingu allkirjastanud (sh digiallkirjastanud) või klõpsanud „Accept” (nõustun) nuppu.\n\nPOOLTE ALLEKIRJAD\n\nCrossFit Tartu\n(omanik Ain Lubi)\nAllkiri: …………………….. Kuupäev: ………………\n\nKlient\n[nimi ja isikukood]\nAllkiri: …………………….. Kuupäev: ………………','\n',char(10)),1739469144654);
CREATE TABLE IF NOT EXISTS "ContractTerms" (
    "id" INTEGER NOT NULL PRIMARY KEY AUTOINCREMENT,
    "type" TEXT NOT NULL,
    "terms" TEXT NOT NULL,
    "createdAt" DATETIME NOT NULL DEFAULT CURRENT_TIMESTAMP
);
INSERT INTO ContractTerms VALUES(1,'contract',replace('Terms and Conditions\nLast updated: [Date]\n\n1. Introduction\n1.1 These Terms and Conditions (“T&C”) govern your use of and/or subscription to the membership services (“Services”) provided by [Provider] (“we,” “us,” “our”).\n1.2 By clicking on the “Accept” button (or a similarly labeled checkbox) and/or by signing this contract electronically, you acknowledge that you have read, understood, and agree to be legally bound by these T&C.\n\n2. Parties to the Agreement\n2.1 The parties to this Agreement are:\n\n[Provider Name, if needed at runtime], hereinafter referred to as the “Provider,” and\nYou, hereinafter referred to as the “Member” or “you.”\n2.2 These T&C also apply to any amendments, supplemental policies, or additional documents that are referenced or linked within these T&C.\n\n3. Scope of Services\n3.1 The Provider offers gym or fitness-related membership services, including but not limited to access to facilities, group classes, personal training sessions, and other related offerings (“Services”).\n3.2 All Services are subject to availability and may be modified, updated, or discontinued at any time at the Provider’s discretion, provided reasonable notice is given for significant changes.\n\n4. Membership and Payment\n4.1 Membership: Your membership entitles you to the benefits specified in the membership plan you select.\n4.2 Fees: You agree to pay the membership fees according to the plan you have chosen. All fees are due in advance and must be paid on the due date indicated in the payment schedule.\n4.3 Payment Methods: Acceptable forms of payment include [list methods, e.g., credit card, direct debit, etc.]. You agree to keep your payment information accurate and updated.\n4.4 Late Payment: Late or missed payments may result in suspension or termination of membership, and you may be charged a late fee or any applicable administrative fee.\n4.5 Refunds: Unless otherwise stated by applicable consumer protection laws, membership fees are generally non-refundable. Any exceptions will be handled in compliance with applicable EU consumer protection regulations and relevant national laws.\n\n5. Data Protection (GDPR)\n5.1 Data Controller: The Provider acts as the Data Controller for personal data you provide.\n5.2 Purpose of Data Processing: Personal data (e.g., name, contact details, payment information, and fitness activity) is processed for the following purposes:\n\nMembership administration and invoicing\nProviding access to facilities and Services\nCommunicating with you regarding updates or changes to your membership\nComplying with legal obligations (e.g., accounting, safety, or public health requirements)\n5.3 Legal Basis: The legal bases for processing your personal data include your consent (when required), performance of a contract, and compliance with legal obligations.\n5.4 Data Sharing: Your personal data may be shared with third parties only to the extent necessary for payment processing, IT support, or other legitimate business needs. All third parties must adhere to data protection requirements in line with the EU General Data Protection Regulation (“GDPR”).\n5.5 Data Retention: Personal data is retained as long as necessary to fulfill the purposes outlined in these T&C, unless a different retention period is required by law.\n5.6 Your Rights: Under the GDPR, you have the right to access, correct, delete, restrict, or object to the processing of your personal data, as well as the right to data portability. You may also lodge a complaint with a supervisory authority if you believe your rights have been infringed.\n5.7 Contact for Privacy Matters: If you have questions about data processing or wish to exercise your rights, please contact [provider’s email/phone/address, or generic contact point].\n6. User Conduct\n6.1 You agree to use the facilities and Services responsibly and to respect other members and staff.\n6.2 You will abide by any facility rules, safety instructions, and applicable policies that the Provider implements.\n\n7. Warranties and Limitation of Liability\n7.1 Warranties: The Provider makes reasonable efforts to ensure Services are provided with due care and skill but does not guarantee uninterrupted or error-free operation.\n7.2 Liability: To the maximum extent permitted by applicable law, the Provider shall not be liable for any indirect, incidental, special, or consequential damages, including but not limited to loss of profits, data, or goodwill. The Provider is not liable for personal injury or property damage sustained while using facilities, except where caused by the Provider’s gross negligence or willful misconduct.\n7.3 Consumer Rights: Nothing in these T&C limits your statutory rights under EU or local consumer protection laws.\n\n8. Termination\n8.1 Termination by You: You may terminate your membership by providing notice per the cancellation policy stated in your membership plan or required by law.\n8.2 Termination by the Provider: The Provider may terminate or suspend your membership if you breach these T&C, fail to pay fees, or otherwise violate any applicable law or policies.\n8.3 Effects of Termination: Upon termination, your access to Services ends. Any outstanding fees become immediately due, unless otherwise specified by law or agreement.\n\n9. Governing Law and Dispute Resolution\n9.1 These T&C are governed by and construed in accordance with applicable local laws and EU regulations.\n9.2 Any disputes arising from or in connection with these T&C shall be subject to the jurisdiction of the competent courts in [jurisdiction] (or as otherwise mandated by consumer protection rules).\n\n10. Changes to These Terms\n10.1 The Provider reserves the right to modify these T&C from time to time. In the event of significant changes, reasonable notice will be provided (e.g., via email or a website announcement).\n10.2 Continued use of Services after such changes signifies your acceptance of the updated T&C.\n\n11. Binding Acceptance\n11.1 By checking the “I Accept the Terms and Conditions” box (or an equivalent statement) and clicking the “Accept” button, you confirm that you have read, understood, and agree to abide by these T&C.\n11.2 You acknowledge that clicking the “Accept” button creates a legally binding agreement between you and the Provider, having the same legal effect as a written and signed contract.\n\n12. Contact Information\nFor any questions or concerns about these T&C, please contact [generic provider contact details or instructions].','\n',char(10)),1739467874195);
DELETE FROM sqlite_sequence;
INSERT INTO sqlite_sequence VALUES('Affiliate',10);
INSERT INTO sqlite_sequence VALUES('Training',9);
INSERT INTO sqlite_sequence VALUES('Exercise',16);
INSERT INTO sqlite_sequence VALUES('defaultWOD',5);
INSERT INTO sqlite_sequence VALUES('Record',6);
INSERT INTO sqlite_sequence VALUES('ClassAttendee',28);
INSERT INTO sqlite_sequence VALUES('AffiliateTrainer',10);
INSERT INTO sqlite_sequence VALUES('Plan',7);
INSERT INTO sqlite_sequence VALUES('UserPlan',13);
INSERT INTO sqlite_sequence VALUES('todayWOD',11);
INSERT INTO sqlite_sequence VALUES('ClassLeaderboard',6);
INSERT INTO sqlite_sequence VALUES('ClassSchedule',2192);
INSERT INTO sqlite_sequence VALUES('transactions',14);
INSERT INTO sqlite_sequence VALUES('Members',4);
INSERT INTO sqlite_sequence VALUES('User',10);
INSERT INTO sqlite_sequence VALUES('Credit',4);
INSERT INTO sqlite_sequence VALUES('CreditTransaction',16);
INSERT INTO sqlite_sequence VALUES('UserNote',6);
INSERT INTO sqlite_sequence VALUES('MessageGroup',4);
INSERT INTO sqlite_sequence VALUES('UserMessageGroup',3);
INSERT INTO sqlite_sequence VALUES('Message',21);
INSERT INTO sqlite_sequence VALUES('ContractLogs',4);
INSERT INTO sqlite_sequence VALUES('SignedContract',3);
INSERT INTO sqlite_sequence VALUES('ContractTerms',1);
CREATE UNIQUE INDEX "defaultWOD_name_key" ON "defaultWOD"("name");
CREATE UNIQUE INDEX "AffiliateTrainer_affiliateId_trainerId_key" ON "AffiliateTrainer"("affiliateId", "trainerId");
CREATE UNIQUE INDEX "ClassAttendee_classId_userId_key" ON "ClassAttendee"("classId", "userId");
CREATE UNIQUE INDEX "Members_userId_affiliateId_key" ON "Members"("userId", "affiliateId");
CREATE UNIQUE INDEX "User_email_key" ON "User"("email");
CREATE UNIQUE INDEX "Credit_userId_affiliateId_key" ON "Credit"("userId", "affiliateId");
COMMIT;
